date,tic,CostOfGoodsSold,EPS,EquityAttributableToOwnersOfParent_x,IncomeAfterTaxes,IncomeFromContinuingOperations,OtherComprehensiveIncome,Revenue,TAX,TotalConsolidatedProfitForThePeriod,CapitalStock,CapitalStock_per,CapitalSurplus,CapitalSurplus_per,CashAndCashEquivalents,CashAndCashEquivalents_per,CurrentAssets,CurrentAssets_per,Equity,EquityAttributableToOwnersOfParent_y,EquityAttributableToOwnersOfParent_per,Equity_per,NoncurrentAssets,NoncurrentAssets_per,NoncurrentLiabilities,NoncurrentLiabilities_per,OrdinaryShare,OrdinaryShare_per,OtherCurrentLiabilities,OtherCurrentLiabilities_per,OtherEquityInterest,OtherEquityInterest_per,RetainedEarnings,RetainedEarnings_per,TotalAssets,TotalAssets_per,CashBalancesBeginningOfPeriod,CashBalancesEndOfPeriod,CashBalancesIncrease,CashFlowsFromOperatingActivities,CashProvidedByInvestingActivities,CashReceivedThroughOperations,Depreciation,IncomeBeforeIncomeTaxFromContinuingOperations,NetIncomeBeforeTax,PayTheInterest,PropertyAndPlantAndEquipment,close,0,1,2,3,4,5,6,7,8,9,10,11,12,13,14,15,16,17,18,19,20,21,22,23,24,25,26,27,28,29,30,31,32,33,34,35,36,37,38,39,40,41,42,43,44,45,46,47,48,49,50,51,52,53,54,55,56,57,58,59,60,61,62,63,64,65,66,67,68,69,70,71,72,73
2024-05-16,1101.TW,21657138000.0,0.26,1955674000.0,2239346000.0,2239346000.0,6418768000.0,25544599000.0,1111614000.0,8658114000.0,77511817000.0,13.65,74061639000.0,13.04,83196535000.0,14.65,176118197000.0,31.01,295927355000.0,238925148000.0,42.07,52.1,391868766000.0,68.99,188434804000.0,33.18,75511817000.0,13.29,17022204000.0,3.0,15565299000.0,2.74,72518852000.0,12.77,567986963000.0,100.0,66366622000.0,83196535000.0,16829913000.0,4585075000.0,-11626503000.0,4406327000.0,2625496000.0,3350960000.0,3350960000.0,-747354000.0,-9297856000.0,,0.033769954,0.033769954,0.033793498,0.033769954,0.033769954,0.033810917,0.0,0.0,0.0,0.033769954,0.033769954,0.0,0.033794545,0.0,0.0,0.033781935,0.03380052,0.03379098,0.033769954,0.0,0.0,0.03379892,0.03379256,0.033769954,0.033799697,0.033810563,0.033769954,0.033769954,0.0,0.033815656,0.033769954,0.0,0.033769954,0.0,0.033813227,0.0,0.0,0.0,0.0,0.033769954,0.033769954,0.0,0.0,0.033769954,0.0,0.033769954,0.033799313,0.0,0.033769954,0.033769954,0.0,0.033769954,0.0,0.0,0.0,0.0,0.033769954,0.033769954,0.033769954,0.0,0.0,0.0,0.0,0.0,0.0,0.033769954,0.0,0.033769954,0.0,0.033769954,0.0,0.0,0.033790424,0.0
2024-05-16,1102.TW,14742676000.0,0.89,9016468000.0,2815657000.0,2815657000.0,6970931000.0,16499750000.0,815606000.0,9786588000.0,35465629000.0,10.28,8574145000.0,2.49,32743169000.0,9.49,126200652000.0,36.58,344976158000.0,170738338000.0,49.49,100.0,218775506000.0,63.42,61862679000.0,17.93,35465629000.0,10.28,11507419000.0,3.34,13260100000.0,3.84,113438464000.0,32.88,344976158000.0,100.0,33229516000.0,32743169000.0,-486347000.0,3472042000.0,-2801324000.0,3648117000.0,1114052000.0,3631263000.0,3631263000.0,-320549000.0,-552210000.0,,0.033769954,0.0,0.0,0.033769954,0.033769954,0.0,0.033769954,0.0,0.0,0.0,0.0,0.03380471,0.0,0.0,0.03381115,0.0,0.0,0.0,0.033769954,0.033769954,0.0,0.0,0.0,0.0,0.0,0.033810563,0.0,0.0,0.0,0.0,0.0,0.0,0.0,0.0,0.0,0.0,0.03381517,0.0,0.0,0.0,0.0,0.0,0.0,0.0,0.0,0.0,0.0,0.0,0.033769954,0.0,0.03381049,0.033769954,0.0,0.033769954,0.0,0.0,0.033769954,0.0,0.033769954,0.0,0.0,0.0,0.033769954,0.033769954,0.033808913,0.033769954,0.0,0.0,0.033806622,0.0,0.033801015,0.0,0.0,0.0
2024-05-16,1216.TW,107038579000.0,0.97,5533901000.0,8323003000.0,8323003000.0,4266932000.0,158756079000.0,2537025000.0,12589935000.0,56820154000.0,8.42,2829658000.0,0.42,97238675000.0,14.41,221252566000.0,32.79,674819759000.0,134042267000.0,19.86,100.0,453567193000.0,67.21,245206702000.0,36.34,56820154000.0,8.42,14580114000.0,2.16,-2275703000.0,-0.34,76668158000.0,11.36,674819759000.0,100.0,100855846000.0,97238675000.0,-3617171000.0,8867792000.0,-7636845000.0,9231525000.0,10178208000.0,10860028000.0,10860028000.0,-874975000.0,-8556632000.0,,0.033769954,0.0,0.0,0.0,0.0,0.0,0.033769954,0.0,0.033769954,0.0,0.033769954,0.0,0.033794545,0.03379268,0.0,0.033781935,0.0,0.03379098,0.033769954,0.0,0.0,0.0,0.0,0.0,0.0,0.0,0.033769954,0.033769954,0.0,0.0,0.0,0.0,0.0,0.033769954,0.033813227,0.033806913,0.0,0.033769954,0.033793878,0.033769954,0.033769954,0.0,0.033805713,0.033769954,0.033769954,0.0,0.033799313,0.03380365,0.0,0.0,0.03381049,0.0,0.033796795,0.0,0.033769954,0.033769954,0.033769954,0.0,0.033769954,0.033769954,0.0,0.0,0.0,0.0,0.033808913,0.0,0.0,0.0,0.033806622,0.033769954,0.033801015,0.0,0.033790424,0.0
2024-05-16,1229.TW,2500227000.0,0.7,4517369000.0,1204663000.0,1204663000.0,5370610000.0,3050500000.0,30989000.0,6575273000.0,15837396000.0,17.69,1157999000.0,1.29,4403891000.0,4.92,16350326000.0,18.26,69878214000.0,48058414000.0,53.67,78.04,73192666000.0,81.74,3985189000.0,4.45,15837396000.0,17.69,340736000.0,0.38,16844329000.0,18.81,14355558000.0,16.03,89542992000.0,100.0,4686205000.0,4403891000.0,-282314000.0,756736000.0,-198401000.0,769890000.0,92871000.0,1235652000.0,1235652000.0,-44131000.0,-260689000.0,,0.033769954,0.033769954,0.0,0.033769954,0.0,0.033810917,0.0,0.0,0.0,0.033769954,0.0,0.0,0.0,0.03379268,0.03381115,0.033781935,0.03380052,0.03379098,0.0,0.0,0.033795137,0.0,0.0,0.033769954,0.0,0.0,0.033769954,0.033769954,0.03381779,0.0,0.033769954,0.033769954,0.033769954,0.0,0.033813227,0.033806913,0.0,0.033769954,0.033793878,0.033769954,0.033769954,0.033769954,0.0,0.0,0.0,0.0,0.033799313,0.0,0.0,0.0,0.03381049,0.0,0.0,0.0,0.0,0.033769954,0.0,0.033769954,0.0,0.033769954,0.0,0.0,0.0,0.033769954,0.033808913,0.0,0.0,0.033769954,0.0,0.0,0.033801015,0.0,0.033790424,0.03380618
2024-05-16,1301.TW,46275258000.0,0.03,220856000.0,220856000.0,220856000.0,-3826201000.0,48108493000.0,139925000.0,-3605345000.0,63657408000.0,11.98,11813505000.0,2.22,7091146000.0,1.33,155262790000.0,29.22,337372683000.0,337372683000.0,63.5,63.5,376068682000.0,70.78,97815891000.0,18.41,63657408000.0,11.98,19507626000.0,3.67,57214886000.0,10.77,204686884000.0,38.52,531331472000.0,100.0,6147041000.0,7091146000.0,944105000.0,-2309665000.0,-2120047000.0,-1848341000.0,1969303000.0,360781000.0,360781000.0,-676660000.0,-4258105000.0,,0.033769954,0.0,0.033793498,0.0,0.0,0.0,0.0,0.03379167,0.0,0.033769954,0.0,0.0,0.0,0.0,0.0,0.033781935,0.0,0.0,0.0,0.033769954,0.0,0.0,0.03379256,0.0,0.0,0.0,0.033769954,0.0,0.0,0.033815656,0.0,0.0,0.0,0.033769954,0.0,0.0,0.03381517,0.0,0.0,0.0,0.033769954,0.033769954,0.0,0.033769954,0.0,0.033769954,0.0,0.0,0.033769954,0.033769954,0.0,0.0,0.0,0.0,0.0,0.0,0.0,0.033769954,0.033769954,0.0,0.0,0.033769954,0.033769954,0.0,0.0,0.033769954,0.0,0.033769954,0.033806622,0.0,0.033801015,0.0,0.0,0.03380618
2024-05-16,1303.TW,55299779000.0,0.16,8531567000.0,1164555000.0,1164555000.0,7522774000.0,58629908000.0,61365000.0,8687329000.0,79308216000.0,12.17,27727015000.0,4.25,80023199000.0,12.27,213760894000.0,32.79,379047197000.0,363118538000.0,55.7,58.14,438160167000.0,67.21,146203745000.0,22.43,79308216000.0,12.17,12750727000.0,1.96,29563154000.0,4.53,226520153000.0,34.75,651921061000.0,100.0,80301186000.0,80023199000.0,-277987000.0,5075245000.0,-4015604000.0,5627207000.0,5315582000.0,1225920000.0,1225920000.0,-945223000.0,-3763889000.0,,0.0,0.033769954,0.0,0.033769954,0.0,0.0,0.0,0.0,0.0,0.0,0.0,0.0,0.033794545,0.0,0.0,0.0,0.0,0.03379098,0.0,0.0,0.033795137,0.03379892,0.03379256,0.033769954,0.033799697,0.033810563,0.033769954,0.033769954,0.0,0.0,0.0,0.0,0.0,0.033769954,0.0,0.0,0.03381517,0.033769954,0.0,0.033769954,0.0,0.033769954,0.0,0.033769954,0.0,0.033769954,0.0,0.0,0.033769954,0.033769954,0.03381049,0.0,0.0,0.033769954,0.033769954,0.033769954,0.0,0.0,0.0,0.0,0.033769954,0.033769954,0.033769954,0.033769954,0.0,0.0,0.0,0.0,0.0,0.0,0.033801015,0.0,0.033790424,0.03380618
2024-05-16,1326.TW,80312877000.0,0.26,-5966519000.0,1481081000.0,1481081000.0,-9850804000.0,83941693000.0,96364000.0,-8369723000.0,58611863000.0,10.31,9278816000.0,1.63,22754194000.0,4.0,215942277000.0,37.99,367091181000.0,325833538000.0,57.33,64.58,352443118000.0,62.01,75814009000.0,13.34,58611863000.0,10.31,14286960000.0,2.51,72945199000.0,12.83,185321612000.0,32.6,568385395000.0,100.0,23871348000.0,22754194000.0,-1117154000.0,-2810390000.0,-5874175000.0,-2016795000.0,2831560000.0,1577445000.0,1577445000.0,-794477000.0,-3708784000.0,,0.0,0.033769954,0.033793498,0.033769954,0.033769954,0.0,0.033769954,0.0,0.0,0.0,0.0,0.0,0.033794545,0.03379268,0.0,0.033781935,0.03380052,0.0,0.0,0.033769954,0.0,0.0,0.0,0.0,0.0,0.0,0.033769954,0.033769954,0.03381779,0.033815656,0.033769954,0.0,0.0,0.0,0.0,0.033806913,0.03381517,0.0,0.033793878,0.0,0.033769954,0.033769954,0.0,0.033769954,0.033769954,0.0,0.0,0.0,0.0,0.0,0.0,0.033769954,0.0,0.0,0.033769954,0.0,0.0,0.0,0.033769954,0.033769954,0.0,0.0,0.033769954,0.033769954,0.0,0.0,0.033769954,0.033769954,0.0,0.0,0.0,0.0,0.0,0.0
2024-05-16,1402.TW,53105778000.0,0.32,5851156000.0,3720586000.0,3720586000.0,4576535000.0,65409190000.0,1281806000.0,8297121000.0,53528751000.0,7.97,13301524000.0,1.98,27048596000.0,4.03,137368148000.0,20.45,671574791000.0,231036755000.0,34.4,100.0,534206643000.0,79.55,221175423000.0,32.93,53528751000.0,7.97,34694728000.0,5.17,8230980000.0,1.23,156000563000.0,23.23,671574791000.0,100.0,31763569000.0,27048596000.0,-4714973000.0,8264029000.0,-3799377000.0,9287397000.0,5786108000.0,5002392000.0,5002392000.0,-783932000.0,-4526113000.0,,0.0,0.033769954,0.0,0.0,0.033769954,0.0,0.0,0.03379167,0.033769954,0.033769954,0.033769954,0.0,0.0,0.0,0.0,0.033781935,0.0,0.0,0.033769954,0.033769954,0.0,0.0,0.0,0.0,0.0,0.033810563,0.0,0.0,0.0,0.0,0.033769954,0.0,0.0,0.0,0.0,0.0,0.03381517,0.033769954,0.0,0.0,0.0,0.033769954,0.033805713,0.033769954,0.033769954,0.0,0.033799313,0.03380365,0.0,0.0,0.03381049,0.0,0.0,0.033769954,0.0,0.033769954,0.033769954,0.0,0.0,0.033769954,0.0,0.033769954,0.0,0.0,0.033808913,0.0,0.0,0.033769954,0.033806622,0.033769954,0.0,0.033800855,0.033790424,0.03380618
2024-05-16,1476.TW,5386042000.0,5.19,1425278000.0,1425278000.0,1425278000.0,220226000.0,7632681000.0,351971000.0,1645504000.0,2743671000.0,8.05,3769803000.0,11.06,4329811000.0,12.7,19536446000.0,57.3,34093479000.0,23612385000.0,69.26,100.0,14557033000.0,42.7,80597000.0,0.24,2743671000.0,8.05,792257000.0,2.32,259755000.0,0.76,16839156000.0,49.39,34093479000.0,100.0,2813733000.0,4329811000.0,1516078000.0,1544427000.0,-36812000.0,1587183000.0,214476000.0,1777249000.0,1777249000.0,-22440000.0,-78319000.0,,0.033769954,0.0,0.0,0.033769954,0.0,0.0,0.033769954,0.0,0.0,0.0,0.0,0.0,0.0,0.03379268,0.0,0.033781935,0.03380052,0.0,0.0,0.033769954,0.0,0.0,0.03379256,0.033769954,0.033799697,0.033810563,0.033769954,0.033769954,0.0,0.0,0.0,0.033769954,0.033769954,0.0,0.0,0.033806913,0.0,0.033769954,0.033793878,0.033769954,0.033769954,0.0,0.033805713,0.0,0.033769954,0.033769954,0.0,0.03380365,0.033769954,0.0,0.0,0.0,0.0,0.0,0.0,0.033769954,0.033769954,0.0,0.033769954,0.033769954,0.033769954,0.0,0.0,0.0,0.0,0.0,0.033769954,0.033769954,0.0,0.0,0.0,0.0,0.0,0.03380618
2024-05-16,1504.TW,10172677000.0,0.55,-1142030000.0,1286957000.0,1286957000.0,-2295197000.0,13729598000.0,482924000.0,-1008240000.0,21387966000.0,16.91,9682864000.0,7.66,25132695000.0,19.87,54501703000.0,43.1,126467406000.0,74354341000.0,58.79,100.0,71965703000.0,56.9,18340128000.0,14.5,21387966000.0,16.91,2061941000.0,1.63,13067011000.0,10.33,30728210000.0,24.3,126467406000.0,100.0,23640536000.0,25132695000.0,1492159000.0,695002000.0,-193839000.0,728911000.0,489952000.0,1769881000.0,1769881000.0,-62375000.0,-259804000.0,,0.0,0.0,0.0,0.033769954,0.033769954,0.033810917,0.0,0.0,0.033769954,0.033769954,0.0,0.0,0.033794545,0.0,0.0,0.033781935,0.0,0.0,0.033769954,0.0,0.0,0.0,0.03379256,0.0,0.0,0.033810563,0.0,0.0,0.03381779,0.033815656,0.0,0.033769954,0.0,0.033769954,0.0,0.033806913,0.0,0.033769954,0.033793878,0.0,0.0,0.0,0.0,0.0,0.0,0.0,0.0,0.0,0.0,0.0,0.0,0.0,0.0,0.0,0.0,0.0,0.0,0.0,0.0,0.0,0.0,0.0,0.033769954,0.0,0.0,0.033769954,0.033769954,0.033769954,0.033806622,0.0,0.033801015,0.0,0.033790424,0.03380618
2024-05-16,1590.TW,3810294000.0,9.15,1829263000.0,1829164000.0,1829164000.0,661588000.0,7205592000.0,498196000.0,2490752000.0,2000000000.0,3.43,14846145000.0,25.48,7695936000.0,13.21,26450425000.0,45.4,58259865000.0,41605822000.0,71.41,100.0,31809440000.0,54.6,752413000.0,1.29,2000000000.0,3.43,340176000.0,0.58,-740216000.0,-1.27,25499893000.0,43.77,58259865000.0,100.0,9191705000.0,7695936000.0,-1495769000.0,1453907000.0,-807764000.0,1869111000.0,615128000.0,2327360000.0,2327360000.0,-45279000.0,-437137000.0,,0.0,0.033769954,0.0,0.0,0.033769954,0.0,0.0,0.03379167,0.033769954,0.0,0.0,0.03380471,0.033794545,0.03379268,0.03381115,0.0,0.0,0.0,0.0,0.0,0.033795137,0.0,0.0,0.0,0.0,0.0,0.033769954,0.033769954,0.03381779,0.033815656,0.033769954,0.0,0.033769954,0.033769954,0.0,0.0,0.03381517,0.033769954,0.0,0.0,0.0,0.0,0.033805713,0.0,0.033769954,0.0,0.033799313,0.0,0.033769954,0.033769954,0.0,0.0,0.033796795,0.0,0.033769954,0.033769954,0.0,0.0,0.0,0.033769954,0.033769954,0.033769954,0.0,0.0,0.033808913,0.0,0.033769954,0.0,0.0,0.033769954,0.0,0.0,0.0,0.0
2024-05-16,1605.TW,37891440000.0,0.22,5328343000.0,799736000.0,799736000.0,4417478000.0,40549837000.0,-127788000.0,5217214000.0,40313329000.0,15.17,33600788000.0,12.65,12313790000.0,4.63,79015575000.0,29.74,151479608000.0,141551902000.0,53.28,57.02,186659859000.0,70.26,60605583000.0,22.81,40313329000.0,15.17,3421737000.0,1.29,10719735000.0,4.03,56918050000.0,21.42,265675434000.0,100.0,16347012000.0,12313790000.0,-4033222000.0,-4128424000.0,1115305000.0,-732219000.0,1896229000.0,671948000.0,671948000.0,-521349000.0,-2953557000.0,,0.0,0.033769954,0.033793498,0.0,0.033769954,0.0,0.033769954,0.0,0.033769954,0.033769954,0.033769954,0.0,0.0,0.0,0.03381115,0.0,0.0,0.0,0.0,0.0,0.033795137,0.0,0.03379256,0.0,0.033799697,0.0,0.0,0.033769954,0.03381779,0.0,0.0,0.033769954,0.0,0.0,0.033813227,0.0,0.03381517,0.033769954,0.0,0.033769954,0.0,0.033769954,0.0,0.0,0.0,0.0,0.0,0.0,0.0,0.0,0.0,0.0,0.0,0.0,0.0,0.0,0.0,0.033769954,0.0,0.033769954,0.0,0.0,0.033769954,0.033769954,0.0,0.0,0.033769954,0.0,0.033806622,0.0,0.0,0.033800855,0.033790424,0.0
2024-05-16,2002.TW,89647055000.0,0.04,3282452000.0,1131578000.0,1131578000.0,3314673000.0,93753916000.0,346969000.0,4446251000.0,157731290000.0,22.77,40688749000.0,5.87,19090447000.0,2.76,205157997000.0,29.62,347011293000.0,308714901000.0,44.57,50.1,487487700000.0,70.38,172421406000.0,24.89,157348610000.0,22.72,17202331000.0,2.48,774458000.0,0.11,122249116000.0,17.65,692645697000.0,100.0,10919515000.0,15405798000.0,4486283000.0,3349265000.0,-8191828000.0,3420408000.0,7934103000.0,1478547000.0,1478547000.0,-1250137000.0,-9025806000.0,,0.0,0.033769954,0.0,0.0,0.033769954,0.0,0.033769954,0.03379167,0.0,0.0,0.0,0.0,0.033794545,0.03379268,0.0,0.033781935,0.0,0.03379098,0.0,0.033769954,0.0,0.0,0.03379256,0.033769954,0.033799697,0.0,0.0,0.033769954,0.0,0.033815656,0.0,0.0,0.033769954,0.033769954,0.0,0.0,0.0,0.0,0.0,0.0,0.033769954,0.0,0.033805713,0.033769954,0.033769954,0.0,0.033799313,0.03380365,0.0,0.033769954,0.0,0.033769954,0.033796795,0.033769954,0.033769954,0.0,0.0,0.033769954,0.033769954,0.0,0.033769954,0.033769954,0.0,0.0,0.0,0.033769954,0.033769954,0.0,0.033806622,0.0,0.0,0.0,0.033790424,0.0
2024-05-16,2027.TW,19241474000.0,0.47,3508049000.0,1444638000.0,1444638000.0,2715803000.0,23224800000.0,507082000.0,4160441000.0,24342606000.0,17.64,23000824000.0,16.67,9926223000.0,7.19,83544236000.0,60.54,137990329000.0,66690382000.0,48.33,100.0,54446093000.0,39.46,32999386000.0,23.91,24342606000.0,17.64,2875712000.0,2.08,4161079000.0,3.02,19572032000.0,14.18,137990329000.0,100.0,9424771000.0,9926223000.0,501452000.0,4917618000.0,-1855675000.0,4922161000.0,614848000.0,1951720000.0,1951720000.0,-172874000.0,-1420653000.0,,0.0,0.033769954,0.033793498,0.0,0.0,0.0,0.0,0.0,0.0,0.0,0.0,0.03380471,0.0,0.03379268,0.0,0.033781935,0.0,0.0,0.033769954,0.0,0.0,0.03379892,0.0,0.033769954,0.0,0.0,0.0,0.033769954,0.03381779,0.033815656,0.033769954,0.033769954,0.033769954,0.0,0.0,0.0,0.03381517,0.0,0.0,0.0,0.0,0.0,0.0,0.0,0.033769954,0.0,0.0,0.03380365,0.0,0.033769954,0.03381049,0.033769954,0.0,0.0,0.0,0.033769954,0.033769954,0.0,0.033769954,0.033769954,0.033769954,0.0,0.0,0.0,0.033808913,0.0,0.0,0.0,0.0,0.033769954,0.033801015,0.033800855,0.033790424,0.0
2024-05-16,2049.TW,3917267000.0,1.12,608091000.0,360995000.0,360995000.0,212784000.0,5506465000.0,122508000.0,573779000.0,3537923000.0,6.81,7479735000.0,14.39,7580268000.0,14.59,19035009000.0,36.63,51964267000.0,34648618000.0,66.68,100.0,32929258000.0,63.37,8329195000.0,16.03,3537923000.0,6.81,851040000.0,1.64,604845000.0,1.16,23026115000.0,44.31,51964267000.0,100.0,7564000000.0,7580268000.0,16268000.0,1166361000.0,-1061001000.0,1241367000.0,558079000.0,483503000.0,483503000.0,-45787000.0,-783177000.0,,0.033769954,0.0,0.033793498,0.0,0.0,0.0,0.033769954,0.03379167,0.0,0.033769954,0.033769954,0.0,0.0,0.03379268,0.03381115,0.033781935,0.0,0.03379098,0.0,0.033769954,0.0,0.03379892,0.0,0.0,0.033799697,0.0,0.033769954,0.0,0.0,0.0,0.0,0.0,0.0,0.033769954,0.033813227,0.033806913,0.03381517,0.0,0.033793878,0.0,0.0,0.033769954,0.033805713,0.0,0.0,0.033769954,0.033799313,0.0,0.0,0.0,0.0,0.0,0.0,0.0,0.033769954,0.033769954,0.0,0.0,0.0,0.033769954,0.0,0.0,0.0,0.033769954,0.0,0.0,0.0,0.0,0.033806622,0.033769954,0.0,0.0,0.0,0.03380618
2024-05-16,2105.TW,17673635000.0,0.68,2219808000.0,2221116000.0,2221116000.0,1166278000.0,23622354000.0,818886000.0,3387394000.0,32414155000.0,22.81,70841000.0,0.05,25146021000.0,17.69,59040371000.0,41.54,142136133000.0,82325848000.0,57.92,100.0,83095762000.0,58.46,32783046000.0,23.06,32414155000.0,22.81,4156397000.0,2.92,-5766053000.0,-4.06,55606905000.0,39.12,142136133000.0,100.0,23575591000.0,25146021000.0,1570430000.0,4152632000.0,-94951000.0,4637038000.0,2451425000.0,3040002000.0,3040002000.0,-234339000.0,-590186000.0,,0.033769954,0.033769954,0.033793498,0.0,0.033769954,0.033810917,0.033769954,0.03379167,0.033769954,0.033769954,0.0,0.03380471,0.033794545,0.03379268,0.0,0.033781935,0.03380052,0.0,0.0,0.033769954,0.033795137,0.0,0.03379256,0.033769954,0.0,0.033810563,0.033769954,0.033769954,0.0,0.033815656,0.033769954,0.0,0.0,0.0,0.033813227,0.0,0.03381517,0.0,0.0,0.0,0.0,0.0,0.0,0.0,0.0,0.033769954,0.033799313,0.03380365,0.0,0.033769954,0.03381049,0.033769954,0.0,0.0,0.0,0.0,0.0,0.033769954,0.033769954,0.0,0.033769954,0.0,0.0,0.0,0.033808913,0.033769954,0.0,0.033769954,0.033806622,0.033769954,0.0,0.033800855,0.033790424,0.0
2024-05-16,2201.TW,13745976000.0,0.83,1808838000.0,1635131000.0,1635131000.0,1282121000.0,20749925000.0,458494000.0,2917252000.0,10700013000.0,2.76,16053296000.0,4.14,12832361000.0,3.31,285067273000.0,73.48,91627573000.0,61724703000.0,15.91,23.62,102866753000.0,26.52,24705322000.0,6.37,10700013000.0,2.76,39068365000.0,10.07,1195761000.0,0.31,34151934000.0,8.8,387934026000.0,100.0,16379704000.0,14503333000.0,-1876371000.0,4894750000.0,-1925077000.0,-296468000.0,2324630000.0,2093625000.0,2093625000.0,-1365845000.0,-433768000.0,,0.0,0.0,0.033793498,0.0,0.033769954,0.033810917,0.033769954,0.03379167,0.033769954,0.0,0.033769954,0.0,0.0,0.0,0.0,0.0,0.0,0.03379098,0.033769954,0.033769954,0.0,0.0,0.03379256,0.033769954,0.0,0.033810563,0.0,0.0,0.03381779,0.0,0.033769954,0.0,0.0,0.0,0.0,0.033806913,0.0,0.033769954,0.033793878,0.0,0.033769954,0.033769954,0.0,0.0,0.033769954,0.0,0.0,0.0,0.0,0.0,0.0,0.0,0.033796795,0.033769954,0.033769954,0.0,0.033769954,0.0,0.0,0.0,0.033769954,0.033769954,0.033769954,0.0,0.0,0.033769954,0.0,0.033769954,0.0,0.033769954,0.033801015,0.0,0.0,0.0
2024-05-16,2207.TW,63544254000.0,10.56,5885107000.0,6943806000.0,6943806000.0,4933131000.0,72065574000.0,1577514000.0,11876937000.0,5571028000.0,1.12,2897372000.0,0.58,21301997000.0,4.29,354715775000.0,71.5,99961159000.0,65720278000.0,13.25,20.15,141384602000.0,28.5,37823898000.0,7.62,5571028000.0,1.12,22512027000.0,4.54,8778944000.0,1.77,48472934000.0,9.77,496100377000.0,100.0,23142893000.0,21301997000.0,-1840896000.0,7553139000.0,-7974181000.0,3342193000.0,3375356000.0,8521320000.0,8521320000.0,-1560553000.0,-6691965000.0,,0.033769954,0.033769954,0.0,0.0,0.033769954,0.033810917,0.0,0.03379167,0.033769954,0.0,0.0,0.0,0.0,0.0,0.03381115,0.0,0.0,0.03379098,0.033769954,0.033769954,0.0,0.03379892,0.0,0.033769954,0.033799697,0.0,0.0,0.0,0.03381779,0.0,0.033769954,0.033769954,0.0,0.033769954,0.0,0.033806913,0.0,0.033769954,0.033793878,0.033769954,0.0,0.033769954,0.0,0.033769954,0.033769954,0.033769954,0.033799313,0.03380365,0.033769954,0.0,0.03381049,0.0,0.0,0.033769954,0.0,0.033769954,0.0,0.0,0.0,0.033769954,0.0,0.033769954,0.0,0.0,0.033808913,0.033769954,0.033769954,0.0,0.0,0.0,0.0,0.0,0.0,0.0
2024-05-16,2301.TW,22928567000.0,1.04,2387803000.0,2393518000.0,2393518000.0,2650916000.0,28775904000.0,735263000.0,5044434000.0,23475464000.0,12.67,22437973000.0,12.11,84834834000.0,45.79,152798371000.0,82.47,84176990000.0,83460523000.0,45.05,45.43,32473787000.0,17.53,5795057000.0,3.13,23475464000.0,12.67,5849074000.0,3.16,-1026724000.0,-0.55,41300773000.0,22.29,185272158000.0,100.0,92742033000.0,84834834000.0,-7907199000.0,1595764000.0,-8539994000.0,1249777000.0,998247000.0,3128781000.0,3128781000.0,-356794000.0,-863018000.0,,0.033769954,0.0,0.0,0.033769954,0.0,0.033810917,0.0,0.03379167,0.033769954,0.0,0.0,0.0,0.0,0.0,0.0,0.033781935,0.03380052,0.0,0.033769954,0.0,0.033795137,0.0,0.0,0.0,0.033799697,0.0,0.033769954,0.0,0.03381779,0.0,0.0,0.0,0.0,0.033769954,0.033813227,0.033806913,0.0,0.0,0.0,0.0,0.0,0.0,0.0,0.033769954,0.033769954,0.0,0.0,0.03380365,0.033769954,0.033769954,0.0,0.033769954,0.033796795,0.033769954,0.033769954,0.033769954,0.033769954,0.033769954,0.033769954,0.033769954,0.0,0.0,0.033769954,0.0,0.033808913,0.0,0.033769954,0.0,0.0,0.0,0.033801015,0.0,0.0,0.0
2024-05-16,2303.TW,37732669000.0,0.84,18410312000.0,10429595000.0,10429595000.0,7954208000.0,54632099000.0,2291289000.0,18383803000.0,125290340000.0,22.09,14321853000.0,2.53,119431260000.0,21.06,205162356000.0,36.18,567072586000.0,377912126000.0,66.64,100.0,361910230000.0,63.82,100441417000.0,17.71,125290340000.0,22.09,19047978000.0,3.36,10789942000.0,1.9,227509991000.0,40.12,567072586000.0,100.0,132553615000.0,119431260000.0,-13122355000.0,20819871000.0,-29914635000.0,20143385000.0,10257846000.0,12720884000.0,12720884000.0,-154224000.0,-28497609000.0,,0.0,0.033769954,0.033793498,0.0,0.0,0.0,0.033769954,0.0,0.0,0.033769954,0.0,0.0,0.033794545,0.03379268,0.03381115,0.0,0.03380052,0.0,0.0,0.0,0.033795137,0.03379892,0.0,0.0,0.0,0.033810563,0.0,0.033769954,0.0,0.0,0.0,0.033769954,0.0,0.033769954,0.0,0.033806913,0.0,0.0,0.0,0.033769954,0.033769954,0.0,0.033805713,0.0,0.033769954,0.033769954,0.0,0.0,0.0,0.0,0.03381049,0.0,0.033796795,0.033769954,0.0,0.0,0.033769954,0.0,0.033769954,0.033769954,0.0,0.0,0.033769954,0.0,0.0,0.0,0.0,0.0,0.0,0.033769954,0.0,0.0,0.0,0.0
2024-05-16,2308.TW,64349444000.0,2.22,5763716000.0,6967245000.0,6967245000.0,7044985000.0,91297990000.0,1798113000.0,14012230000.0,25975433000.0,5.5,54636991000.0,11.57,97216667000.0,20.59,262562386000.0,55.61,256756400000.0,211108584000.0,44.71,54.38,209578478000.0,44.39,91855663000.0,19.46,25975433000.0,5.5,8787895000.0,1.86,2183597000.0,0.46,128312563000.0,27.18,472140864000.0,100.0,87455916000.0,97216667000.0,9760751000.0,15058092000.0,-12289389000.0,16012914000.0,4784857000.0,8765358000.0,8765358000.0,-296296000.0,-7298123000.0,,0.033769954,0.0,0.033793498,0.0,0.0,0.033810917,0.033769954,0.03379167,0.0,0.0,0.0,0.0,0.033794545,0.03379268,0.0,0.0,0.0,0.0,0.033769954,0.0,0.0,0.03379892,0.0,0.0,0.033799697,0.033810563,0.033769954,0.0,0.0,0.0,0.033769954,0.033769954,0.0,0.0,0.0,0.033806913,0.03381517,0.0,0.033793878,0.0,0.033769954,0.033769954,0.0,0.033769954,0.033769954,0.033769954,0.033799313,0.0,0.033769954,0.033769954,0.0,0.0,0.033796795,0.0,0.033769954,0.033769954,0.0,0.033769954,0.0,0.0,0.033769954,0.0,0.0,0.033769954,0.0,0.033769954,0.033769954,0.033769954,0.0,0.033769954,0.0,0.0,0.0,0.0
2024-05-16,2317.TW,1240329407000.0,1.59,69488405000.0,24872602000.0,24872602000.0,52632234000.0,1323991647000.0,7636096000.0,77504836000.0,138629906000.0,3.67,199570555000.0,5.29,1163447564000.0,30.83,2848276739000.0,75.48,1690830626000.0,1489731930000.0,39.48,44.81,925362966000.0,24.52,364658625000.0,9.66,138629906000.0,3.67,165326411000.0,4.38,-65943663000.0,-1.75,1217490326000.0,32.26,3773639705000.0,100.0,1197662695000.0,1163447564000.0,-34215131000.0,18247498000.0,8693056000.0,26457196000.0,19473386000.0,32508698000.0,32508698000.0,-16246889000.0,-33178525000.0,,0.0,0.033769954,0.033793498,0.0,0.0,0.0,0.0,0.03379167,0.0,0.0,0.0,0.0,0.0,0.0,0.0,0.0,0.0,0.0,0.0,0.033769954,0.0,0.0,0.03379256,0.033769954,0.033799697,0.0,0.0,0.0,0.0,0.0,0.0,0.0,0.0,0.0,0.033813227,0.0,0.03381517,0.033769954,0.0,0.033769954,0.033769954,0.0,0.0,0.033769954,0.0,0.0,0.0,0.0,0.0,0.0,0.0,0.0,0.0,0.033769954,0.0,0.033769954,0.0,0.0,0.0,0.0,0.0,0.0,0.0,0.0,0.033808913,0.0,0.0,0.0,0.0,0.0,0.0,0.0,0.0,0.03380618
2024-05-16,2324.TW,189781959000.0,0.43,5821791000.0,2297813000.0,2297813000.0,4004976000.0,199571114000.0,674099000.0,6302789000.0,44071466000.0,9.95,3470231000.0,0.78,84446451000.0,19.07,372695762000.0,84.15,132830568000.0,120235955000.0,27.15,29.99,70188777000.0,15.85,25301830000.0,5.71,44071466000.0,9.95,18112697000.0,4.09,3544004000.0,0.8,70031501000.0,15.81,442884539000.0,100.0,72479480000.0,84446451000.0,11966971000.0,8250149000.0,-2205331000.0,8414461000.0,1597129000.0,2971912000.0,2971912000.0,-1059311000.0,-1414751000.0,,0.0,0.0,0.0,0.033769954,0.033769954,0.033810917,0.0,0.03379167,0.0,0.033769954,0.0,0.03380471,0.033794545,0.03379268,0.03381115,0.0,0.0,0.03379098,0.033769954,0.0,0.0,0.0,0.0,0.0,0.0,0.033810563,0.033769954,0.033769954,0.03381779,0.0,0.033769954,0.0,0.0,0.0,0.0,0.0,0.03381517,0.0,0.0,0.0,0.0,0.033769954,0.0,0.033769954,0.0,0.0,0.0,0.0,0.033769954,0.0,0.03381049,0.0,0.0,0.033769954,0.033769954,0.033769954,0.0,0.033769954,0.033769954,0.0,0.033769954,0.0,0.0,0.0,0.0,0.0,0.0,0.033769954,0.033806622,0.0,0.033801015,0.0,0.0,0.0
2024-05-16,2327.TW,18871020000.0,11.02,10224423000.0,4629459000.0,4629459000.0,5620146000.0,28505147000.0,1449942000.0,10249605000.0,4235520000.0,1.24,42267099000.0,12.33,47193660000.0,13.77,140300641000.0,40.93,138475598000.0,136468998000.0,39.81,40.4,202483654000.0,59.07,82861497000.0,24.17,4235407000.0,1.24,5959912000.0,1.74,5177011000.0,1.51,86820088000.0,25.33,342784295000.0,100.0,52951458000.0,47193660000.0,-5757798000.0,6827085000.0,-14989832000.0,7765494000.0,2095178000.0,6079401000.0,6079401000.0,-692772000.0,-1938534000.0,,0.0,0.0,0.033793498,0.0,0.033769954,0.0,0.0,0.0,0.033769954,0.033769954,0.033769954,0.03380471,0.0,0.0,0.0,0.0,0.0,0.0,0.0,0.033769954,0.0,0.0,0.0,0.0,0.0,0.033810563,0.0,0.0,0.0,0.033815656,0.0,0.033769954,0.0,0.0,0.0,0.033806913,0.0,0.033769954,0.0,0.0,0.0,0.033769954,0.033805713,0.033769954,0.033769954,0.033769954,0.0,0.0,0.033769954,0.0,0.0,0.0,0.033796795,0.033769954,0.0,0.0,0.033769954,0.033769954,0.033769954,0.0,0.033769954,0.0,0.033769954,0.033769954,0.0,0.0,0.0,0.033769954,0.0,0.0,0.0,0.0,0.033790424,0.0
2024-05-16,2330.TW,278138932000.0,8.7,267398572000.0,225221263000.0,225221263000.0,41273948000.0,592644201000.0,41321941000.0,266495211000.0,259336292000.0,4.48,70940489000.0,1.23,1698195704000.0,29.34,2452767394000.0,42.38,3665716254000.0,3635731930000.0,62.82,63.33,3335123688000.0,57.62,1095994749000.0,18.94,259350310000.0,4.48,430164019000.0,7.43,10891445000.0,0.19,3294563704000.0,56.92,5787891082000.0,100.0,1465427753000.0,1698195704000.0,232767951000.0,436311108000.0,-159806991000.0,437362333000.0,156697101000.0,266543204000.0,266543204000.0,-1778846000.0,-181304802000.0,,0.0,0.0,0.0,0.033769954,0.0,0.0,0.033769954,0.0,0.0,0.0,0.033769954,0.0,0.033794545,0.0,0.0,0.033781935,0.0,0.0,0.033769954,0.0,0.033795137,0.03379892,0.0,0.0,0.0,0.0,0.0,0.0,0.03381779,0.033815656,0.0,0.0,0.0,0.033769954,0.0,0.0,0.0,0.0,0.033793878,0.0,0.0,0.0,0.033805713,0.0,0.0,0.033769954,0.033799313,0.0,0.0,0.0,0.03381049,0.0,0.0,0.0,0.0,0.0,0.0,0.033769954,0.0,0.0,0.0,0.033769954,0.0,0.0,0.0,0.0,0.0,0.033769954,0.033806622,0.033769954,0.0,0.0,0.0,0.0
2024-05-16,2344.TW,14559622000.0,-0.11,-464347000.0,-264761000.0,-264761000.0,-882048000.0,20121351000.0,-161803000.0,-1146809000.0,41800002000.0,22.52,10135875000.0,5.46,13710169000.0,7.39,62956872000.0,33.92,185599820000.0,90962066000.0,49.01,100.0,122642948000.0,66.08,54342396000.0,29.28,41800002000.0,22.52,10239366000.0,5.52,12014909000.0,6.47,27011280000.0,14.55,185599820000.0,100.0,16962598000.0,13710169000.0,-3252429000.0,1722713000.0,-8265517000.0,1996948000.0,2951668000.0,-426564000.0,-426564000.0,-324183000.0,-8578192000.0,,0.033769954,0.0,0.0,0.0,0.033769954,0.0,0.033769954,0.0,0.033769954,0.033769954,0.033769954,0.03380471,0.0,0.0,0.0,0.0,0.0,0.0,0.0,0.0,0.033795137,0.03379892,0.0,0.0,0.033799697,0.0,0.0,0.033769954,0.0,0.033815656,0.0,0.033769954,0.0,0.0,0.033813227,0.0,0.0,0.033769954,0.033793878,0.0,0.0,0.0,0.033805713,0.0,0.0,0.0,0.0,0.0,0.0,0.033769954,0.0,0.033769954,0.0,0.0,0.033769954,0.033769954,0.0,0.033769954,0.033769954,0.033769954,0.0,0.0,0.033769954,0.0,0.033808913,0.0,0.0,0.0,0.0,0.0,0.033801015,0.033800855,0.0,0.03380618
2024-05-16,2345.TW,14914836000.0,4.02,2243534000.0,2243534000.0,2243534000.0,2880345000.0,18847712000.0,547100000.0,5123879000.0,5604304000.0,8.62,874961000.0,1.35,13735958000.0,21.13,54536233000.0,83.9,30312615000.0,30312615000.0,46.63,46.63,10468843000.0,16.1,2918060000.0,4.49,5604304000.0,8.62,371057000.0,0.57,2435706000.0,3.75,21448643000.0,33.0,65005076000.0,100.0,14070421000.0,13735958000.0,-334463000.0,2309829000.0,-3090489000.0,2361570000.0,232969000.0,2790634000.0,2790634000.0,-20061000.0,-336606000.0,,0.0,0.0,0.033793498,0.033769954,0.0,0.033810917,0.0,0.0,0.033769954,0.0,0.0,0.0,0.0,0.0,0.0,0.033781935,0.0,0.0,0.0,0.033769954,0.0,0.0,0.03379256,0.0,0.033799697,0.033810563,0.0,0.033769954,0.0,0.0,0.0,0.0,0.0,0.033769954,0.0,0.033806913,0.03381517,0.0,0.0,0.033769954,0.0,0.033769954,0.0,0.033769954,0.0,0.033769954,0.0,0.03380365,0.0,0.0,0.03381049,0.0,0.033796795,0.0,0.033769954,0.033769954,0.0,0.033769954,0.033769954,0.0,0.033769954,0.0,0.033769954,0.0,0.033808913,0.0,0.0,0.033769954,0.0,0.0,0.033801015,0.0,0.0,0.03380618
2024-05-16,2347.TW,99331638000.0,1.32,2196482000.0,2307158000.0,2307158000.0,1465646000.0,103750811000.0,439964000.0,3772804000.0,16679470000.0,7.88,13532918000.0,6.39,24618299000.0,11.63,176640405000.0,83.47,73275074000.0,70446817000.0,33.29,34.63,34980859000.0,16.53,26965880000.0,12.74,16679470000.0,7.88,6603900000.0,3.12,-6453852000.0,-3.05,46688281000.0,22.06,211621264000.0,100.0,11156269000.0,24618299000.0,13462030000.0,23310332000.0,-6358368000.0,24021983000.0,146417000.0,2747122000.0,2747122000.0,-484091000.0,-369031000.0,,0.033769954,0.0,0.0,0.0,0.033769954,0.033810917,0.033769954,0.03379167,0.0,0.033769954,0.0,0.03380471,0.033794545,0.0,0.0,0.0,0.03380052,0.0,0.0,0.0,0.033795137,0.03379892,0.0,0.033769954,0.033799697,0.0,0.033769954,0.0,0.0,0.033815656,0.0,0.0,0.0,0.033769954,0.0,0.033806913,0.0,0.0,0.0,0.033769954,0.0,0.033769954,0.0,0.0,0.0,0.033769954,0.0,0.0,0.0,0.0,0.03381049,0.0,0.0,0.0,0.0,0.033769954,0.033769954,0.0,0.0,0.033769954,0.033769954,0.0,0.0,0.033769954,0.033808913,0.033769954,0.033769954,0.033769954,0.033806622,0.0,0.0,0.033800855,0.0,0.0
2024-05-16,2352.TW,39403806000.0,0.13,256947000.0,394764000.0,394764000.0,1574587000.0,46914420000.0,407380000.0,1969351000.0,19667820000.0,10.08,2191037000.0,1.12,29684488000.0,15.21,112160691000.0,57.48,195130872000.0,36482642000.0,18.7,100.0,82970181000.0,42.52,40650088000.0,20.83,19667820000.0,10.08,4854128000.0,2.49,-2066340000.0,-1.06,16690125000.0,8.55,195130872000.0,100.0,25472899000.0,29684488000.0,4211589000.0,-1169981000.0,-3382791000.0,-702999000.0,1153549000.0,802144000.0,802144000.0,-387758000.0,-1577458000.0,,0.0,0.0,0.0,0.0,0.033769954,0.0,0.0,0.0,0.033769954,0.033769954,0.033769954,0.0,0.0,0.0,0.0,0.0,0.03380052,0.03379098,0.0,0.0,0.033795137,0.03379892,0.03379256,0.0,0.0,0.033810563,0.033769954,0.033769954,0.03381779,0.033815656,0.0,0.033769954,0.0,0.0,0.0,0.0,0.0,0.0,0.033793878,0.0,0.033769954,0.0,0.0,0.0,0.0,0.0,0.0,0.03380365,0.033769954,0.0,0.0,0.0,0.033796795,0.0,0.0,0.0,0.0,0.0,0.0,0.0,0.033769954,0.0,0.033769954,0.033769954,0.0,0.0,0.033769954,0.0,0.0,0.0,0.0,0.0,0.0,0.0
2024-05-16,2353.TW,52636427000.0,0.4,1202476000.0,1377736000.0,1377736000.0,2708247000.0,58832224000.0,739104000.0,4085983000.0,30478538000.0,13.94,27798463000.0,12.71,44640867000.0,20.42,161240604000.0,73.74,79352977000.0,73728013000.0,33.72,36.29,57414809000.0,26.26,21692889000.0,9.92,30478538000.0,13.94,15662037000.0,7.16,3335241000.0,1.53,14828545000.0,6.78,218655413000.0,100.0,48134128000.0,44640867000.0,-3493261000.0,-2538184000.0,-2526982000.0,-2692320000.0,290740000.0,2116840000.0,2116840000.0,-61645000.0,-2784065000.0,,0.0,0.0,0.033793498,0.033769954,0.0,0.0,0.033769954,0.0,0.0,0.033769954,0.033769954,0.03380471,0.033794545,0.0,0.03381115,0.033781935,0.03380052,0.03379098,0.0,0.033769954,0.0,0.0,0.03379256,0.033769954,0.0,0.033810563,0.033769954,0.033769954,0.0,0.033815656,0.0,0.0,0.0,0.0,0.0,0.033806913,0.0,0.0,0.0,0.0,0.0,0.033769954,0.0,0.033769954,0.0,0.0,0.0,0.03380365,0.0,0.0,0.0,0.033769954,0.033796795,0.033769954,0.033769954,0.0,0.0,0.0,0.033769954,0.033769954,0.033769954,0.0,0.033769954,0.033769954,0.033808913,0.033769954,0.0,0.0,0.0,0.033769954,0.0,0.033800855,0.0,0.0
2024-05-16,2356.TW,123625229000.0,0.3,4154338000.0,1083336000.0,1083336000.0,3074260000.0,130505965000.0,443976000.0,4157596000.0,35874751000.0,14.24,2911115000.0,1.16,39395312000.0,15.63,201957803000.0,80.14,251990726000.0,59892668000.0,23.77,100.0,50032923000.0,19.86,15030558000.0,5.96,35874751000.0,14.24,15756581000.0,6.25,2416500000.0,0.96,18690302000.0,7.42,251990726000.0,100.0,28133069000.0,39395312000.0,11262243000.0,11897927000.0,-672759000.0,12548261000.0,665390000.0,1527312000.0,1527312000.0,-1219478000.0,-988041000.0,,0.033769954,0.0,0.0,0.0,0.033769954,0.033810917,0.033769954,0.0,0.033769954,0.033769954,0.0,0.03380471,0.033794545,0.0,0.03381115,0.0,0.0,0.03379098,0.0,0.0,0.0,0.03379892,0.03379256,0.033769954,0.033799697,0.0,0.0,0.033769954,0.03381779,0.033815656,0.0,0.0,0.033769954,0.033769954,0.033813227,0.033806913,0.03381517,0.033769954,0.033793878,0.0,0.033769954,0.0,0.033805713,0.0,0.033769954,0.033769954,0.033799313,0.03380365,0.0,0.033769954,0.0,0.0,0.0,0.0,0.0,0.0,0.033769954,0.0,0.0,0.0,0.0,0.0,0.0,0.0,0.0,0.033769954,0.033769954,0.033769954,0.033806622,0.0,0.033801015,0.0,0.0,0.03380618
2024-05-16,2357.TW,102165197000.0,7.33,5447441000.0,6216766000.0,6216766000.0,15782459000.0,121696889000.0,1059300000.0,21999225000.0,7427603000.0,1.48,11967708000.0,2.39,72055904000.0,14.37,315132396000.0,62.86,501352494000.0,260081996000.0,51.88,100.0,186220098000.0,37.14,24828401000.0,4.95,7427603000.0,1.48,39423509000.0,7.86,71391436000.0,14.24,169295249000.0,33.77,501352494000.0,100.0,79226605000.0,72055904000.0,-7170701000.0,-11140247000.0,-2200825000.0,-11237165000.0,568478000.0,7276066000.0,7276066000.0,-95180000.0,-393280000.0,,0.0,0.0,0.0,0.0,0.033769954,0.033810917,0.0,0.03379167,0.0,0.0,0.033769954,0.0,0.033794545,0.03379268,0.03381115,0.0,0.03380052,0.0,0.033769954,0.0,0.0,0.03379892,0.0,0.0,0.0,0.033810563,0.033769954,0.033769954,0.03381779,0.033815656,0.0,0.0,0.0,0.0,0.0,0.0,0.0,0.0,0.0,0.0,0.0,0.0,0.0,0.0,0.0,0.033769954,0.033799313,0.03380365,0.0,0.0,0.0,0.0,0.0,0.033769954,0.033769954,0.0,0.0,0.033769954,0.033769954,0.0,0.0,0.0,0.033769954,0.0,0.0,0.0,0.0,0.0,0.0,0.033769954,0.0,0.033800855,0.0,0.03380618
2024-05-16,2360.TW,1851558000.0,2.27,1182942000.0,976456000.0,976456000.0,241143000.0,4418077000.0,242940000.0,1217599000.0,4253644000.0,12.26,4572515000.0,13.17,4722113000.0,13.61,16539301000.0,47.65,34706992000.0,20377970000.0,58.71,100.0,18167691000.0,52.35,2723132000.0,7.85,4253644000.0,12.26,94653000.0,0.27,572599000.0,1.65,11010128000.0,31.72,34706992000.0,100.0,4132261000.0,4722113000.0,589852000.0,1212798000.0,-409236000.0,1234795000.0,183160000.0,1219396000.0,1219396000.0,-13961000.0,-17553000.0,,0.0,0.0,0.033793498,0.033769954,0.0,0.033810917,0.0,0.0,0.0,0.0,0.033769954,0.0,0.033794545,0.0,0.03381115,0.033781935,0.0,0.0,0.0,0.0,0.033795137,0.0,0.0,0.033769954,0.0,0.0,0.033769954,0.0,0.0,0.0,0.0,0.0,0.0,0.0,0.033813227,0.0,0.0,0.0,0.0,0.0,0.0,0.0,0.033805713,0.033769954,0.033769954,0.033769954,0.0,0.0,0.0,0.0,0.0,0.033769954,0.0,0.033769954,0.0,0.033769954,0.033769954,0.0,0.0,0.0,0.033769954,0.0,0.0,0.0,0.033808913,0.0,0.033769954,0.033769954,0.0,0.0,0.0,0.0,0.0,0.0
2024-05-16,2371.TW,8735677000.0,0.28,642316000.0,600690000.0,600690000.0,211365000.0,10820414000.0,87918000.0,812055000.0,23395367000.0,17.22,3465818000.0,2.55,12332725000.0,9.08,62083376000.0,45.7,62752055000.0,53711943000.0,39.54,46.19,73772842000.0,54.3,38683443000.0,28.47,23395367000.0,17.22,7572448000.0,5.57,3787144000.0,2.79,25027680000.0,18.42,135856218000.0,100.0,14291041000.0,12472789000.0,-1818252000.0,193469000.0,1169398000.0,338313000.0,548673000.0,688608000.0,688608000.0,-199432000.0,-877911000.0,,0.033769954,0.033769954,0.033793498,0.0,0.0,0.033810917,0.0,0.0,0.033769954,0.0,0.033769954,0.0,0.0,0.03379268,0.03381115,0.0,0.0,0.0,0.0,0.033769954,0.033795137,0.03379892,0.0,0.033769954,0.0,0.0,0.0,0.0,0.03381779,0.0,0.033769954,0.0,0.0,0.0,0.033813227,0.0,0.0,0.0,0.0,0.0,0.0,0.0,0.0,0.0,0.0,0.0,0.0,0.03380365,0.0,0.0,0.0,0.0,0.0,0.033769954,0.0,0.0,0.033769954,0.0,0.0,0.0,0.0,0.0,0.033769954,0.033769954,0.033808913,0.033769954,0.033769954,0.0,0.0,0.0,0.0,0.033800855,0.0,0.0
2024-05-16,2376.TW,48931020000.0,3.18,2023776000.0,2072918000.0,2072918000.0,183392000.0,55164386000.0,666085000.0,2256310000.0,6356889000.0,5.73,3898869000.0,3.52,17389550000.0,15.69,100775387000.0,90.9,40190342000.0,39680092000.0,35.79,36.25,10087732000.0,9.1,9606461000.0,8.67,6356889000.0,5.73,368277000.0,0.33,432582000.0,0.39,28991752000.0,26.15,110863119000.0,100.0,23166075000.0,17389550000.0,-5776525000.0,-15346989000.0,-1246305000.0,-15251490000.0,161383000.0,2739003000.0,2739003000.0,-21609000.0,-70137000.0,,0.0,0.0,0.033793498,0.0,0.033769954,0.0,0.033769954,0.0,0.0,0.0,0.033769954,0.03380471,0.0,0.0,0.03381115,0.0,0.0,0.0,0.033769954,0.033769954,0.033795137,0.0,0.0,0.033769954,0.0,0.033810563,0.0,0.0,0.03381779,0.033815656,0.0,0.033769954,0.033769954,0.0,0.033813227,0.033806913,0.03381517,0.0,0.0,0.0,0.0,0.033769954,0.033805713,0.0,0.033769954,0.0,0.0,0.03380365,0.0,0.033769954,0.0,0.033769954,0.0,0.033769954,0.033769954,0.033769954,0.033769954,0.0,0.033769954,0.0,0.0,0.0,0.0,0.0,0.0,0.0,0.033769954,0.0,0.0,0.033769954,0.0,0.033800855,0.033790424,0.03380618
2024-05-16,2377.TW,41586850000.0,2.95,2492159000.0,2492159000.0,2492159000.0,265273000.0,47626534000.0,498751000.0,2757432000.0,8448562000.0,8.9,805393000.0,0.85,20392981000.0,21.47,86254845000.0,90.82,94972583000.0,48375458000.0,50.94,100.0,8717738000.0,9.18,991805000.0,1.04,8448562000.0,8.9,4153964000.0,4.37,-612132000.0,-0.64,39733635000.0,41.84,94972583000.0,100.0,25772522000.0,20392981000.0,-5379541000.0,-3502504000.0,-2002520000.0,-3339574000.0,326468000.0,2990910000.0,2990910000.0,-4143000.0,-151830000.0,,0.033769954,0.0,0.0,0.0,0.033769954,0.033810917,0.0,0.03379167,0.0,0.0,0.033769954,0.03380471,0.0,0.0,0.0,0.0,0.0,0.03379098,0.033769954,0.033769954,0.033795137,0.0,0.0,0.033769954,0.0,0.033810563,0.0,0.0,0.0,0.0,0.0,0.0,0.033769954,0.033769954,0.033813227,0.0,0.03381517,0.033769954,0.033793878,0.0,0.0,0.0,0.0,0.0,0.0,0.033769954,0.0,0.03380365,0.033769954,0.033769954,0.03381049,0.033769954,0.033796795,0.0,0.0,0.0,0.0,0.0,0.0,0.033769954,0.0,0.0,0.033769954,0.0,0.0,0.0,0.0,0.033769954,0.033806622,0.033769954,0.033801015,0.033800855,0.0,0.03380618
2024-05-16,2379.TW,12598418000.0,6.1,5351636000.0,3129539000.0,3129539000.0,2222128000.0,25622844000.0,206490000.0,5351667000.0,5128636000.0,5.13,542048000.0,0.54,10167058000.0,10.17,75048591000.0,75.06,99981075000.0,47580096000.0,47.59,100.0,24932484000.0,24.94,5372941000.0,5.37,5128636000.0,5.13,8370934000.0,8.37,5310003000.0,5.31,36599409000.0,36.61,99981075000.0,100.0,10268291000.0,10167058000.0,-101233000.0,4419317000.0,-2885497000.0,4287311000.0,351431000.0,3336029000.0,3336029000.0,-43400000.0,-605880000.0,,0.0,0.0,0.0,0.0,0.0,0.0,0.0,0.03379167,0.0,0.0,0.033769954,0.0,0.033794545,0.03379268,0.03381115,0.0,0.0,0.0,0.0,0.0,0.0,0.03379892,0.03379256,0.0,0.0,0.0,0.0,0.0,0.0,0.0,0.0,0.033769954,0.0,0.033769954,0.033813227,0.0,0.0,0.033769954,0.0,0.0,0.033769954,0.033769954,0.0,0.0,0.033769954,0.0,0.0,0.03380365,0.0,0.033769954,0.0,0.0,0.0,0.033769954,0.0,0.0,0.0,0.0,0.0,0.0,0.0,0.0,0.033769954,0.0,0.0,0.033769954,0.033769954,0.033769954,0.0,0.0,0.033801015,0.033800855,0.033790424,0.0
2024-05-16,2382.TW,236989764000.0,3.13,17356505000.0,12229696000.0,12229696000.0,5440114000.0,258939378000.0,2301025000.0,17669810000.0,38626274000.0,5.22,14297842000.0,1.93,202059764000.0,27.3,658261943000.0,88.92,176180246000.0,168802980000.0,22.8,23.8,82009636000.0,11.08,14693505000.0,1.98,38626274000.0,5.22,17234181000.0,2.33,3505268000.0,0.47,112706690000.0,15.23,740271579000.0,100.0,177234068000.0,202059764000.0,24825696000.0,23733615000.0,22640275000.0,24130352000.0,2461405000.0,14530721000.0,14530721000.0,-2214581000.0,-2477186000.0,,0.0,0.033769954,0.0,0.033769954,0.033769954,0.033810917,0.0,0.0,0.0,0.0,0.0,0.03380471,0.0,0.0,0.03381115,0.0,0.03380052,0.0,0.0,0.033769954,0.033795137,0.0,0.0,0.033769954,0.033799697,0.033810563,0.0,0.0,0.0,0.033815656,0.0,0.0,0.033769954,0.0,0.033813227,0.0,0.03381517,0.033769954,0.0,0.0,0.033769954,0.0,0.033805713,0.0,0.0,0.033769954,0.0,0.0,0.0,0.0,0.0,0.0,0.033796795,0.033769954,0.0,0.0,0.033769954,0.033769954,0.0,0.033769954,0.0,0.0,0.0,0.033769954,0.0,0.033769954,0.0,0.0,0.0,0.033769954,0.0,0.0,0.033790424,0.0
2024-05-16,2383.TW,9164316000.0,5.76,1978282000.0,1977045000.0,1977045000.0,395414000.0,12902460000.0,636526000.0,2372459000.0,3442781000.0,5.81,4605618000.0,7.77,12625447000.0,21.3,38353926000.0,64.7,25964618000.0,25971467000.0,43.81,43.8,20923172000.0,35.3,3482746000.0,5.88,3442781000.0,5.81,2326891000.0,3.93,-463289000.0,-0.78,18386357000.0,31.02,59277098000.0,100.0,9258881000.0,12625447000.0,3366566000.0,1797208000.0,-1345722000.0,2242620000.0,389807000.0,2613571000.0,2613571000.0,-96238000.0,-1348511000.0,,0.033769954,0.0,0.033793498,0.033769954,0.033769954,0.033810917,0.0,0.0,0.0,0.033769954,0.033769954,0.0,0.0,0.0,0.0,0.033781935,0.0,0.03379098,0.0,0.0,0.0,0.0,0.03379256,0.0,0.033799697,0.0,0.0,0.0,0.0,0.0,0.0,0.0,0.0,0.0,0.0,0.0,0.0,0.033769954,0.033793878,0.033769954,0.0,0.0,0.0,0.033769954,0.033769954,0.0,0.033799313,0.0,0.0,0.0,0.0,0.0,0.033796795,0.0,0.0,0.0,0.033769954,0.0,0.033769954,0.033769954,0.033769954,0.0,0.033769954,0.033769954,0.033808913,0.0,0.0,0.033769954,0.0,0.033769954,0.033801015,0.033800855,0.0,0.0
2024-05-16,2395.TW,8331592000.0,2.32,1993057000.0,1968758000.0,1968758000.0,63893000.0,13879270000.0,427790000.0,2032651000.0,8604477000.0,12.11,10252076000.0,14.43,12805970000.0,18.02,43056579000.0,60.6,71045900000.0,42882337000.0,60.36,100.0,27989321000.0,39.4,4260371000.0,6.0,8584494000.0,12.08,345787000.0,0.49,956394000.0,1.35,23069390000.0,32.47,71045900000.0,100.0,11011580000.0,12805970000.0,1794390000.0,508615000.0,890098000.0,736233000.0,242306000.0,2396548000.0,2396548000.0,-23144000.0,-85362000.0,,0.0,0.033769954,0.033793498,0.0,0.0,0.0,0.0,0.03379167,0.0,0.0,0.0,0.0,0.033794545,0.0,0.03381115,0.033781935,0.03380052,0.0,0.033769954,0.033769954,0.033795137,0.0,0.03379256,0.033769954,0.0,0.033810563,0.0,0.033769954,0.03381779,0.0,0.033769954,0.033769954,0.033769954,0.0,0.033813227,0.033806913,0.0,0.0,0.0,0.0,0.033769954,0.0,0.0,0.0,0.0,0.0,0.0,0.03380365,0.033769954,0.033769954,0.03381049,0.0,0.0,0.033769954,0.0,0.0,0.0,0.033769954,0.0,0.0,0.0,0.033769954,0.033769954,0.0,0.033808913,0.0,0.0,0.0,0.0,0.0,0.0,0.0,0.033790424,0.03380618
2024-05-16,2408.TW,9779561000.0,-0.39,886071000.0,-1208488000.0,-1208488000.0,2094559000.0,9502937000.0,-334608000.0,886071000.0,30991647000.0,15.89,32828338000.0,16.83,62356186000.0,31.96,100393288000.0,51.46,167821174000.0,167821174000.0,86.03,86.03,94688465000.0,48.54,5385222000.0,2.76,30982509000.0,15.88,16719000.0,0.01,2693638000.0,1.38,101307551000.0,51.93,195081753000.0,100.0,58812043000.0,62356186000.0,3544143000.0,2400630000.0,-2851640000.0,1281069000.0,4010719000.0,-1543096000.0,-1543096000.0,-64760000.0,-2850922000.0,,0.033769954,0.033769954,0.0,0.0,0.0,0.033810917,0.0,0.0,0.033769954,0.0,0.033769954,0.03380471,0.033794545,0.03379268,0.0,0.033781935,0.0,0.0,0.033769954,0.0,0.033795137,0.0,0.0,0.0,0.033799697,0.033810563,0.033769954,0.033769954,0.03381779,0.033815656,0.033769954,0.0,0.033769954,0.033769954,0.033813227,0.0,0.03381517,0.0,0.033793878,0.0,0.0,0.0,0.0,0.033769954,0.033769954,0.0,0.033799313,0.0,0.033769954,0.0,0.0,0.0,0.033796795,0.0,0.0,0.0,0.033769954,0.0,0.033769954,0.0,0.033769954,0.0,0.0,0.0,0.033808913,0.0,0.0,0.0,0.0,0.0,0.0,0.0,0.0,0.0
2024-05-16,2409.TW,57515689000.0,-0.46,-2105331000.0,-3574380000.0,-3574380000.0,1492394000.0,59477331000.0,259511000.0,-2081986000.0,76993961000.0,20.12,48386317000.0,12.64,87673837000.0,22.91,146946621000.0,38.4,382665611000.0,150449364000.0,39.32,100.0,235718990000.0,61.6,131776065000.0,34.44,76993961000.0,20.12,37324209000.0,9.75,-2825092000.0,-0.74,28134602000.0,7.35,382665611000.0,100.0,83969463000.0,87673837000.0,3704374000.0,1552675000.0,-5126268000.0,2409000000.0,8368686000.0,-3314869000.0,-3314869000.0,-739207000.0,-8250473000.0,,0.0,0.0,0.033793498,0.0,0.033769954,0.033810917,0.0,0.0,0.033769954,0.033769954,0.0,0.0,0.0,0.0,0.0,0.0,0.03380052,0.0,0.0,0.033769954,0.033795137,0.0,0.0,0.0,0.0,0.0,0.033769954,0.033769954,0.03381779,0.0,0.033769954,0.033769954,0.0,0.033769954,0.0,0.0,0.03381517,0.033769954,0.0,0.033769954,0.0,0.0,0.0,0.0,0.033769954,0.0,0.0,0.03380365,0.0,0.033769954,0.0,0.0,0.033796795,0.0,0.033769954,0.0,0.0,0.0,0.0,0.0,0.033769954,0.0,0.0,0.033769954,0.0,0.0,0.033769954,0.0,0.0,0.0,0.0,0.033800855,0.0,0.03380618
2024-05-16,2412.TW,34454292000.0,1.21,9391419000.0,9604183000.0,9604183000.0,755828000.0,54943471000.0,2383557000.0,10360011000.0,77574465000.0,14.68,171365339000.0,32.43,33330473000.0,6.31,111239406000.0,21.05,404639938000.0,392503575000.0,74.28,76.58,417138952000.0,78.95,62807049000.0,11.89,77574465000.0,14.68,2582041000.0,0.49,1080707000.0,0.2,142483064000.0,26.97,528378358000.0,100.0,33823884000.0,33330473000.0,-493411000.0,14128442000.0,-12987392000.0,14228468000.0,8236489000.0,11987740000.0,11987740000.0,-65425000.0,-5042549000.0,,0.033769954,0.033769954,0.033793498,0.033769954,0.0,0.0,0.033769954,0.0,0.0,0.0,0.0,0.03380471,0.033794545,0.0,0.0,0.033781935,0.03380052,0.03379098,0.033769954,0.0,0.0,0.0,0.0,0.033769954,0.033799697,0.0,0.0,0.0,0.03381779,0.0,0.0,0.033769954,0.0,0.033769954,0.0,0.0,0.03381517,0.033769954,0.0,0.0,0.033769954,0.033769954,0.0,0.033769954,0.033769954,0.033769954,0.033799313,0.0,0.0,0.0,0.0,0.0,0.0,0.0,0.033769954,0.033769954,0.033769954,0.033769954,0.0,0.0,0.033769954,0.033769954,0.033769954,0.033769954,0.033808913,0.033769954,0.033769954,0.0,0.0,0.0,0.033801015,0.0,0.0,0.0
2024-05-16,2454.TW,63557617000.0,19.85,31535653000.0,31654807000.0,31654807000.0,17097507000.0,133458147000.0,4014816000.0,48752314000.0,15996234000.0,2.47,28855880000.0,4.46,143345272000.0,22.14,284701422000.0,43.98,647325350000.0,368929013000.0,56.99,100.0,362623928000.0,56.02,24787590000.0,3.83,15996234000.0,2.47,85290094000.0,13.18,52689505000.0,8.14,271443364000.0,41.93,647325350000.0,100.0,165396010000.0,143345272000.0,-22050738000.0,25203802000.0,-18270771000.0,23068417000.0,3049368000.0,35669623000.0,35669623000.0,-66508000.0,-3275873000.0,,0.0,0.0,0.033793498,0.033769954,0.0,0.0,0.033769954,0.03379167,0.033769954,0.0,0.0,0.03380471,0.0,0.0,0.0,0.033781935,0.03380052,0.0,0.033769954,0.0,0.0,0.03379892,0.03379256,0.0,0.0,0.033810563,0.0,0.0,0.0,0.033815656,0.0,0.0,0.0,0.0,0.0,0.0,0.03381517,0.0,0.0,0.0,0.033769954,0.0,0.033805713,0.0,0.033769954,0.033769954,0.033799313,0.0,0.0,0.033769954,0.0,0.033769954,0.033796795,0.0,0.033769954,0.033769954,0.0,0.0,0.0,0.0,0.0,0.0,0.0,0.033769954,0.033808913,0.0,0.0,0.033769954,0.0,0.033769954,0.0,0.033800855,0.033790424,0.03380618
2024-05-16,2474.TW,2639336000.0,6.73,4575569000.0,4575653000.0,4575653000.0,3979127000.0,3658859000.0,1322847000.0,8554780000.0,6803641000.0,2.67,17878308000.0,7.02,32524114000.0,12.77,116755708000.0,45.84,166503262000.0,166503262000.0,65.37,65.37,137946502000.0,54.16,5963048000.0,2.34,6803641000.0,2.67,907040000.0,0.36,1297110000.0,0.51,140524203000.0,55.17,254702210000.0,100.0,42462866000.0,32524114000.0,-9938752000.0,-964585000.0,522378000.0,-507175000.0,587910000.0,5898500000.0,5898500000.0,-368607000.0,-61699000.0,,0.0,0.033769954,0.0,0.033769954,0.033769954,0.0,0.0,0.03379167,0.0,0.0,0.033769954,0.0,0.0,0.03379268,0.0,0.033781935,0.03380052,0.0,0.033769954,0.033769954,0.0,0.03379892,0.0,0.033769954,0.033799697,0.0,0.0,0.033769954,0.03381779,0.0,0.0,0.0,0.0,0.0,0.0,0.0,0.0,0.033769954,0.0,0.033769954,0.0,0.0,0.0,0.033769954,0.0,0.0,0.0,0.0,0.033769954,0.0,0.03381049,0.0,0.033796795,0.033769954,0.033769954,0.0,0.033769954,0.033769954,0.033769954,0.0,0.033769954,0.0,0.033769954,0.0,0.033808913,0.0,0.033769954,0.033769954,0.0,0.033769954,0.0,0.0,0.033790424,0.0
2024-05-16,2603.TW,69689351000.0,8.14,17382249000.0,18223278000.0,18223278000.0,15120579000.0,88638659000.0,2824142000.0,33343857000.0,21502480000.0,2.75,19198672000.0,2.46,173535679000.0,22.2,246716705000.0,31.56,505768474000.0,473430119000.0,60.56,64.7,534982956000.0,68.44,152841865000.0,19.55,21363053000.0,2.73,8525393000.0,1.09,29397834000.0,3.76,403331133000.0,51.6,781699661000.0,100.0,170229777000.0,173535679000.0,3305902000.0,24840603000.0,-16965200000.0,23921189000.0,9379326000.0,21047420000.0,21047420000.0,-1234036000.0,-6561210000.0,,0.0,0.0,0.0,0.0,0.033769954,0.033810917,0.0,0.03379167,0.033769954,0.0,0.033769954,0.03380471,0.033794545,0.0,0.0,0.033781935,0.0,0.03379098,0.0,0.033769954,0.033795137,0.0,0.03379256,0.0,0.033799697,0.0,0.0,0.0,0.0,0.033815656,0.033769954,0.033769954,0.0,0.0,0.033813227,0.0,0.0,0.033769954,0.0,0.0,0.033769954,0.0,0.033805713,0.033769954,0.0,0.0,0.0,0.0,0.0,0.0,0.0,0.0,0.033796795,0.0,0.0,0.0,0.0,0.033769954,0.033769954,0.0,0.033769954,0.0,0.033769954,0.0,0.0,0.0,0.0,0.0,0.0,0.0,0.033801015,0.0,0.033790424,0.0
2024-05-16,2609.TW,33700926000.0,2.69,13032663000.0,9454263000.0,9454263000.0,3651690000.0,43801429000.0,2172558000.0,13105953000.0,34921043000.0,8.66,27975030000.0,6.94,72325170000.0,17.93,228687205000.0,56.7,403337182000.0,290010575000.0,71.9,100.0,174649977000.0,43.3,63647900000.0,15.78,34921043000.0,8.66,3923413000.0,0.97,2743842000.0,0.68,224370660000.0,55.63,403337182000.0,100.0,69921565000.0,72325170000.0,2403605000.0,9475392000.0,-2602044000.0,7256164000.0,4993451000.0,11626821000.0,11626821000.0,-440070000.0,-1839389000.0,,0.0,0.0,0.0,0.0,0.033769954,0.0,0.0,0.0,0.0,0.0,0.0,0.03380471,0.033794545,0.0,0.0,0.0,0.03380052,0.0,0.0,0.0,0.033795137,0.03379892,0.0,0.033769954,0.0,0.0,0.0,0.0,0.0,0.0,0.033769954,0.0,0.0,0.0,0.0,0.033806913,0.0,0.033769954,0.033793878,0.0,0.0,0.0,0.0,0.033769954,0.0,0.0,0.033799313,0.0,0.033769954,0.033769954,0.0,0.0,0.033796795,0.0,0.0,0.0,0.0,0.033769954,0.0,0.0,0.0,0.0,0.0,0.0,0.033808913,0.033769954,0.0,0.0,0.033806622,0.0,0.0,0.033800855,0.0,0.0
2024-05-16,2610.TW,41047833000.0,0.51,3099290000.0,3409914000.0,3409914000.0,-317648000.0,48644558000.0,841295000.0,3092266000.0,60515407000.0,20.24,3888582000.0,1.3,33018868000.0,11.04,75274930000.0,25.18,80495951000.0,77292207000.0,25.85,26.92,223731634000.0,74.82,124932105000.0,41.78,60515407000.0,20.24,32635933000.0,10.91,-1091748000.0,-0.37,14010841000.0,4.69,299006564000.0,100.0,30391564000.0,33018868000.0,2627304000.0,9940017000.0,-4356137000.0,10190455000.0,7201469000.0,4251209000.0,4251209000.0,-640017000.0,-611052000.0,,0.033769954,0.0,0.0,0.033769954,0.0,0.033810917,0.033769954,0.0,0.0,0.0,0.0,0.0,0.0,0.0,0.03381115,0.0,0.03380052,0.0,0.0,0.0,0.033795137,0.03379892,0.0,0.033769954,0.0,0.0,0.033769954,0.033769954,0.03381779,0.0,0.033769954,0.0,0.033769954,0.033769954,0.0,0.033806913,0.03381517,0.0,0.033793878,0.0,0.0,0.033769954,0.033805713,0.033769954,0.0,0.0,0.0,0.0,0.0,0.033769954,0.0,0.0,0.0,0.033769954,0.0,0.033769954,0.0,0.0,0.033769954,0.033769954,0.033769954,0.0,0.033769954,0.0,0.033808913,0.0,0.0,0.0,0.033806622,0.033769954,0.0,0.0,0.0,0.03380618
2024-05-16,2615.TW,24180535000.0,1.65,11747926000.0,4626877000.0,4626877000.0,7122299000.0,27617583000.0,1513838000.0,11749176000.0,28061464000.0,7.98,1271775000.0,0.36,83915100000.0,23.87,136114431000.0,38.72,218104858000.0,217746400000.0,61.94,62.04,215420007000.0,61.28,93747296000.0,26.67,28061464000.0,7.98,12248230000.0,3.48,17164902000.0,4.88,171248259000.0,48.71,351534438000.0,100.0,119639666000.0,83915100000.0,-35724566000.0,8332013000.0,-44636566000.0,8382446000.0,3946507000.0,6140715000.0,6140715000.0,-410204000.0,-6367721000.0,,0.0,0.033769954,0.0,0.0,0.033769954,0.0,0.033769954,0.03379167,0.0,0.033769954,0.033769954,0.03380471,0.0,0.0,0.0,0.0,0.03380052,0.03379098,0.033769954,0.0,0.0,0.03379892,0.03379256,0.033769954,0.033799697,0.0,0.0,0.033769954,0.03381779,0.0,0.033769954,0.033769954,0.033769954,0.0,0.033813227,0.033806913,0.03381517,0.033769954,0.0,0.033769954,0.033769954,0.0,0.033805713,0.0,0.0,0.0,0.033799313,0.03380365,0.033769954,0.0,0.0,0.0,0.0,0.033769954,0.033769954,0.033769954,0.0,0.0,0.0,0.033769954,0.0,0.0,0.0,0.0,0.033808913,0.0,0.0,0.0,0.0,0.0,0.0,0.0,0.0,0.03380618
2024-05-16,2618.TW,41503859000.0,0.87,4712493000.0,5166810000.0,5166810000.0,-1933656000.0,51915461000.0,1313835000.0,3233154000.0,54004443000.0,15.86,13860196000.0,4.07,79369262000.0,23.31,100501138000.0,29.51,340523776000.0,100023742000.0,29.37,100.0,240022638000.0,70.49,128338390000.0,37.69,54004443000.0,15.86,19932430000.0,5.85,-422641000.0,-0.12,32581744000.0,9.57,340523776000.0,100.0,66805070000.0,79369262000.0,12564192000.0,17389084000.0,-1695442000.0,17452191000.0,7338719000.0,6480645000.0,6480645000.0,-721095000.0,-216690000.0,,0.0,0.0,0.033793498,0.033769954,0.033769954,0.033810917,0.033769954,0.0,0.033769954,0.0,0.033769954,0.0,0.033794545,0.03379268,0.0,0.0,0.0,0.0,0.0,0.0,0.033795137,0.0,0.03379256,0.0,0.0,0.033810563,0.0,0.0,0.03381779,0.033815656,0.0,0.0,0.033769954,0.0,0.033813227,0.0,0.0,0.033769954,0.0,0.0,0.033769954,0.033769954,0.0,0.0,0.0,0.033769954,0.0,0.0,0.033769954,0.0,0.03381049,0.0,0.033796795,0.0,0.0,0.033769954,0.0,0.033769954,0.0,0.033769954,0.033769954,0.0,0.0,0.033769954,0.0,0.0,0.0,0.033769954,0.033806622,0.0,0.033801015,0.0,0.033790424,0.0
2024-05-16,2912.TW,53590397000.0,2.83,2944366000.0,3437516000.0,3437516000.0,1338895000.0,81070782000.0,950753000.0,4776411000.0,10396223000.0,3.97,90305000.0,0.03,52560951000.0,20.06,97324273000.0,37.14,262022678000.0,42044186000.0,16.05,100.0,164698405000.0,62.86,102998794000.0,39.31,10396223000.0,3.97,4007922000.0,1.53,1315466000.0,0.5,30242192000.0,11.54,262022678000.0,100.0,48929582000.0,52560951000.0,3631369000.0,9281963000.0,-4023775000.0,9183798000.0,5921873000.0,4388269000.0,4388269000.0,-382394000.0,-3851032000.0,,0.033769954,0.0,0.0,0.0,0.0,0.033810917,0.0,0.0,0.0,0.0,0.033769954,0.0,0.033794545,0.03379268,0.0,0.033781935,0.0,0.0,0.033769954,0.033769954,0.033795137,0.0,0.03379256,0.033769954,0.0,0.033810563,0.033769954,0.033769954,0.0,0.033815656,0.0,0.0,0.0,0.0,0.0,0.0,0.0,0.033769954,0.0,0.033769954,0.0,0.033769954,0.0,0.033769954,0.0,0.033769954,0.033799313,0.0,0.0,0.0,0.03381049,0.033769954,0.033796795,0.033769954,0.0,0.0,0.033769954,0.033769954,0.033769954,0.033769954,0.0,0.033769954,0.033769954,0.0,0.0,0.0,0.0,0.0,0.033806622,0.033769954,0.0,0.0,0.0,0.03380618
2024-05-16,3008.TW,5752430000.0,45.79,7919586000.0,6111106000.0,6111106000.0,1808480000.0,11313191000.0,1318763000.0,7919586000.0,1334682000.0,0.65,1559812000.0,0.76,114673513000.0,55.73,139364520000.0,67.72,167957791000.0,167957791000.0,81.62,81.62,66419280000.0,32.28,568816000.0,0.28,1334682000.0,0.65,435315000.0,0.21,3553279000.0,1.73,161510018000.0,78.49,205783800000.0,100.0,107489900000.0,114673513000.0,7183613000.0,13144866000.0,-6354145000.0,12118739000.0,1403320000.0,7429869000.0,7429869000.0,-193000.0,-2441444000.0,,0.033769954,0.033769954,0.033793498,0.0,0.0,0.033810917,0.033769954,0.03379167,0.033769954,0.0,0.0,0.0,0.0,0.0,0.03381115,0.033781935,0.03380052,0.03379098,0.033769954,0.0,0.033795137,0.03379892,0.03379256,0.0,0.033799697,0.033810563,0.0,0.0,0.0,0.033815656,0.0,0.033769954,0.0,0.0,0.033813227,0.033806913,0.03381517,0.0,0.0,0.033769954,0.033769954,0.033769954,0.033805713,0.033769954,0.033769954,0.033769954,0.033799313,0.0,0.033769954,0.0,0.0,0.0,0.0,0.033769954,0.0,0.0,0.033769954,0.033769954,0.0,0.0,0.0,0.0,0.033769954,0.0,0.0,0.033769954,0.0,0.033769954,0.0,0.0,0.033801015,0.033800855,0.0,0.0
2024-05-16,3017.TW,11936305000.0,4.08,1564017000.0,1750178000.0,1750178000.0,348459000.0,15308688000.0,579430000.0,2098637000.0,3833101000.0,5.13,3377804000.0,4.52,28837601000.0,38.56,57092658000.0,76.34,74786249000.0,21495805000.0,28.74,100.0,17693591000.0,23.66,8830984000.0,11.81,3833101000.0,5.13,3811709000.0,5.1,-1143965000.0,-1.53,15428865000.0,20.63,74786249000.0,100.0,26956969000.0,28837601000.0,1880632000.0,3826868000.0,-1153598000.0,4017700000.0,536989000.0,2329608000.0,2329608000.0,-100316000.0,-622056000.0,,0.0,0.0,0.0,0.033769954,0.0,0.0,0.0,0.03379167,0.033769954,0.0,0.0,0.0,0.033794545,0.0,0.0,0.0,0.03380052,0.0,0.0,0.033769954,0.0,0.0,0.0,0.033769954,0.033799697,0.033810563,0.033769954,0.0,0.03381779,0.0,0.0,0.0,0.0,0.0,0.033813227,0.0,0.0,0.033769954,0.0,0.0,0.0,0.0,0.0,0.033769954,0.033769954,0.0,0.033799313,0.0,0.0,0.0,0.0,0.0,0.0,0.0,0.0,0.0,0.033769954,0.033769954,0.033769954,0.033769954,0.0,0.033769954,0.033769954,0.0,0.033808913,0.0,0.033769954,0.033769954,0.0,0.0,0.0,0.033800855,0.033790424,0.0
2024-05-16,3023.TW,5962262000.0,3.8,1128817000.0,911523000.0,911523000.0,220489000.0,8035886000.0,317602000.0,1132012000.0,2400332000.0,8.35,3064747000.0,10.66,5552479000.0,19.31,23232687000.0,80.81,15075767000.0,14896615000.0,51.81,52.44,5517717000.0,19.19,962834000.0,3.35,2400332000.0,8.35,867120000.0,3.02,-184080000.0,-0.64,9615616000.0,33.45,28750404000.0,100.0,5767074000.0,5552479000.0,-214595000.0,738372000.0,-110864000.0,778128000.0,190544000.0,1229125000.0,1229125000.0,-13054000.0,-55617000.0,,0.0,0.0,0.0,0.0,0.033769954,0.033810917,0.0,0.0,0.0,0.0,0.0,0.03380471,0.033794545,0.03379268,0.03381115,0.0,0.03380052,0.0,0.0,0.0,0.0,0.03379892,0.0,0.0,0.0,0.0,0.033769954,0.0,0.03381779,0.0,0.033769954,0.0,0.0,0.0,0.0,0.0,0.0,0.0,0.033793878,0.0,0.0,0.0,0.033805713,0.033769954,0.0,0.033769954,0.033799313,0.0,0.0,0.033769954,0.0,0.033769954,0.033796795,0.0,0.0,0.033769954,0.033769954,0.0,0.033769954,0.0,0.0,0.0,0.033769954,0.0,0.0,0.0,0.033769954,0.0,0.0,0.033769954,0.0,0.0,0.033790424,0.03380618
2024-05-16,3034.TW,14390210000.0,8.04,4893633000.0,4893633000.0,4893633000.0,-12114000.0,24427885000.0,1006835000.0,4881519000.0,6085115000.0,5.65,2375054000.0,2.21,57323668000.0,53.27,84579669000.0,78.6,107606497000.0,72098281000.0,67.0,100.0,23026828000.0,21.4,11947161000.0,11.1,6085115000.0,5.65,2423381000.0,2.25,1672221000.0,1.55,61965891000.0,57.59,107606497000.0,100.0,53889468000.0,57323668000.0,3434200000.0,4366612000.0,395894000.0,4065226000.0,285179000.0,5900468000.0,5900468000.0,-1950000.0,-33826000.0,,0.0,0.033769954,0.033793498,0.033769954,0.0,0.0,0.0,0.0,0.0,0.0,0.033769954,0.03380471,0.0,0.03379268,0.0,0.033781935,0.0,0.03379098,0.0,0.0,0.0,0.0,0.0,0.033769954,0.0,0.033810563,0.033769954,0.0,0.03381779,0.0,0.0,0.0,0.0,0.0,0.0,0.0,0.03381517,0.0,0.0,0.0,0.033769954,0.0,0.0,0.0,0.0,0.0,0.0,0.0,0.0,0.033769954,0.03381049,0.0,0.0,0.0,0.033769954,0.033769954,0.033769954,0.0,0.0,0.0,0.033769954,0.0,0.0,0.033769954,0.0,0.033769954,0.0,0.0,0.033806622,0.0,0.0,0.033800855,0.033790424,0.03380618
2024-05-16,3037.TW,22110693000.0,1.6,3913862000.0,2661737000.0,2661737000.0,1674934000.0,26402819000.0,695195000.0,4336671000.0,15251072000.0,6.84,15189997000.0,6.81,54756171000.0,24.54,90849148000.0,40.72,100626338000.0,94583054000.0,42.4,45.1,132247218000.0,59.28,76194385000.0,34.15,15251072000.0,6.84,4671364000.0,2.09,356076000.0,0.16,63936674000.0,28.66,223096366000.0,100.0,52859417000.0,54756171000.0,1896754000.0,2750636000.0,-6057052000.0,2700240000.0,3962504000.0,3356932000.0,3356932000.0,-191057000.0,-6772319000.0,,0.033769954,0.0,0.0,0.0,0.033769954,0.0,0.0,0.03379167,0.033769954,0.0,0.0,0.0,0.0,0.0,0.0,0.0,0.0,0.03379098,0.0,0.033769954,0.033795137,0.0,0.0,0.0,0.0,0.0,0.033769954,0.033769954,0.0,0.0,0.0,0.0,0.033769954,0.033769954,0.033813227,0.033806913,0.03381517,0.0,0.0,0.0,0.033769954,0.033769954,0.033805713,0.033769954,0.0,0.033769954,0.033799313,0.0,0.033769954,0.0,0.0,0.0,0.0,0.033769954,0.0,0.0,0.0,0.0,0.0,0.033769954,0.033769954,0.0,0.033769954,0.0,0.0,0.033769954,0.0,0.033769954,0.0,0.0,0.0,0.0,0.0,0.0
2024-05-16,3045.TW,38961855000.0,0.98,2967920000.0,3482533000.0,3482533000.0,101356000.0,48276631000.0,839270000.0,3583889000.0,37232618000.0,15.58,31330553000.0,13.11,13959181000.0,5.84,42980060000.0,17.98,96995811000.0,87836391000.0,36.75,40.58,196042511000.0,82.02,69705983000.0,29.16,37232618000.0,15.58,13253347000.0,5.54,341271000.0,0.14,48649293000.0,20.35,239022571000.0,100.0,13244266000.0,13959181000.0,714915000.0,10316376000.0,-2852573000.0,10324015000.0,4245513000.0,4321803000.0,4321803000.0,-473000.0,-2625525000.0,,0.0,0.0,0.0,0.0,0.0,0.0,0.0,0.03379167,0.0,0.0,0.0,0.0,0.033794545,0.0,0.0,0.033781935,0.0,0.03379098,0.0,0.0,0.033795137,0.0,0.03379256,0.0,0.0,0.0,0.0,0.0,0.0,0.0,0.0,0.0,0.0,0.0,0.0,0.0,0.0,0.0,0.033793878,0.0,0.0,0.033769954,0.033805713,0.033769954,0.033769954,0.0,0.033799313,0.03380365,0.033769954,0.033769954,0.0,0.0,0.0,0.0,0.0,0.033769954,0.0,0.0,0.033769954,0.0,0.0,0.0,0.033769954,0.033769954,0.0,0.033769954,0.033769954,0.0,0.0,0.0,0.033801015,0.0,0.033790424,0.03380618
2024-05-16,3231.TW,222095184000.0,1.24,3523540000.0,6207846000.0,6207846000.0,5107268000.0,239325146000.0,1799443000.0,11315114000.0,28969801000.0,6.27,38253110000.0,8.28,65818401000.0,14.25,366984814000.0,79.43,141020301000.0,112993940000.0,24.46,30.52,95012584000.0,20.57,36264963000.0,7.85,28969801000.0,6.27,54439039000.0,11.78,2261068000.0,0.49,44226557000.0,9.57,461997398000.0,100.0,76040911000.0,65818401000.0,-10222510000.0,3127081000.0,-2693302000.0,4801026000.0,2658694000.0,8007289000.0,8007289000.0,-2301005000.0,-2746197000.0,,0.0,0.0,0.0,0.033769954,0.0,0.0,0.0,0.0,0.0,0.0,0.033769954,0.0,0.033794545,0.0,0.0,0.033781935,0.0,0.0,0.033769954,0.033769954,0.0,0.0,0.0,0.0,0.0,0.0,0.033769954,0.033769954,0.03381779,0.033815656,0.033769954,0.0,0.0,0.0,0.0,0.033806913,0.0,0.0,0.0,0.0,0.0,0.033769954,0.033805713,0.0,0.0,0.0,0.033799313,0.0,0.0,0.0,0.0,0.0,0.033796795,0.0,0.0,0.0,0.0,0.0,0.0,0.0,0.0,0.0,0.033769954,0.033769954,0.0,0.033769954,0.033769954,0.0,0.0,0.0,0.033801015,0.0,0.0,0.0
2024-05-16,3443.TW,4001563000.0,4.94,680139000.0,662649000.0,662649000.0,17490000.0,5690371000.0,112229000.0,680139000.0,1340119000.0,6.05,32843000.0,0.15,9554334000.0,43.16,20574018000.0,92.93,22139469000.0,10361740000.0,46.8,100.0,1565451000.0,7.07,464725000.0,2.1,1340119000.0,6.05,953901000.0,4.31,-16517000.0,-0.07,9005295000.0,40.68,22139469000.0,100.0,7637809000.0,9554334000.0,1916525000.0,1922230000.0,1779000.0,1932179000.0,61799000.0,774878000.0,774878000.0,-1164000.0,-35571000.0,,0.0,0.033769954,0.033793498,0.0,0.0,0.0,0.033769954,0.0,0.0,0.0,0.033769954,0.0,0.033794545,0.0,0.0,0.0,0.0,0.03379098,0.0,0.0,0.0,0.03379892,0.03379256,0.033769954,0.0,0.033810563,0.0,0.033769954,0.0,0.033815656,0.033769954,0.0,0.0,0.033769954,0.033813227,0.0,0.0,0.033769954,0.033793878,0.0,0.0,0.0,0.033805713,0.0,0.033769954,0.0,0.033799313,0.0,0.033769954,0.0,0.0,0.0,0.0,0.0,0.0,0.0,0.033769954,0.0,0.0,0.0,0.033769954,0.0,0.033769954,0.0,0.033808913,0.033769954,0.033769954,0.033769954,0.033806622,0.0,0.0,0.0,0.0,0.03380618
2024-05-16,3481.TW,48350800000.0,-0.45,-4103893000.0,-4095330000.0,-4095330000.0,4188167000.0,50492208000.0,381382000.0,92837000.0,90786334000.0,25.87,103473683000.0,29.48,46120564000.0,13.14,128397201000.0,36.58,350985064000.0,228212135000.0,65.02,100.0,222587863000.0,63.42,37635508000.0,10.72,90786334000.0,25.87,13092212000.0,3.73,-3012565000.0,-0.86,37027150000.0,10.55,350985064000.0,100.0,50512584000.0,46120564000.0,-4392020000.0,1204360000.0,-3394464000.0,1545557000.0,7782443000.0,-3713948000.0,-3713948000.0,-280924000.0,-4541752000.0,,0.0,0.0,0.0,0.033769954,0.0,0.033810917,0.033769954,0.03379167,0.033769954,0.0,0.033769954,0.0,0.0,0.0,0.0,0.0,0.0,0.0,0.0,0.033769954,0.033795137,0.0,0.03379256,0.0,0.0,0.033810563,0.0,0.0,0.03381779,0.033815656,0.0,0.0,0.0,0.0,0.0,0.033806913,0.0,0.033769954,0.033793878,0.0,0.0,0.0,0.033805713,0.033769954,0.033769954,0.033769954,0.0,0.0,0.033769954,0.0,0.0,0.033769954,0.033796795,0.0,0.0,0.0,0.033769954,0.0,0.033769954,0.033769954,0.033769954,0.033769954,0.0,0.0,0.033808913,0.033769954,0.033769954,0.0,0.033806622,0.033769954,0.0,0.0,0.0,0.03380618
2024-05-16,3533.TW,3090988000.0,18.57,2070458000.0,2105471000.0,2105471000.0,538283000.0,6347836000.0,568533000.0,2643754000.0,1116969000.0,2.69,9157690000.0,22.05,15720764000.0,37.84,29370965000.0,70.7,41540884000.0,30645096000.0,73.77,100.0,12169919000.0,29.3,1733109000.0,4.17,1114721000.0,2.68,494402000.0,1.19,-252949000.0,-0.61,20623386000.0,49.65,41540884000.0,100.0,13132491000.0,15720764000.0,2588273000.0,2540443000.0,-705309000.0,2777246000.0,570225000.0,2674004000.0,2674004000.0,-14990000.0,-660253000.0,,0.0,0.0,0.0,0.0,0.0,0.0,0.0,0.03379167,0.0,0.033769954,0.0,0.0,0.0,0.0,0.03381115,0.0,0.0,0.0,0.033769954,0.0,0.033795137,0.0,0.0,0.0,0.0,0.033810563,0.0,0.0,0.03381779,0.0,0.033769954,0.033769954,0.033769954,0.033769954,0.0,0.033806913,0.03381517,0.0,0.0,0.0,0.033769954,0.0,0.0,0.0,0.033769954,0.0,0.033799313,0.0,0.033769954,0.0,0.0,0.033769954,0.0,0.0,0.033769954,0.033769954,0.0,0.033769954,0.0,0.033769954,0.0,0.0,0.0,0.033769954,0.033808913,0.0,0.033769954,0.033769954,0.033806622,0.033769954,0.0,0.033800855,0.033790424,0.0
2024-05-16,3653.TW,1857523000.0,5.06,711024000.0,688641000.0,688641000.0,146490000.0,2864325000.0,183301000.0,835131000.0,1408168000.0,8.3,5348893000.0,31.52,5105640000.0,30.09,10398987000.0,61.29,11765244000.0,10916217000.0,64.34,69.34,6568663000.0,38.71,732555000.0,4.32,1408168000.0,8.3,81747000.0,0.48,-62491000.0,-0.37,4221647000.0,24.88,16967650000.0,100.0,4155623000.0,5105640000.0,950017000.0,933429000.0,-65618000.0,954652000.0,138497000.0,871942000.0,871942000.0,-4318000.0,-20825000.0,,0.033769954,0.0,0.033793498,0.033769954,0.0,0.033810917,0.0,0.0,0.0,0.033769954,0.0,0.03380471,0.0,0.0,0.0,0.0,0.0,0.0,0.0,0.0,0.033795137,0.0,0.0,0.0,0.033799697,0.033810563,0.0,0.033769954,0.0,0.0,0.0,0.033769954,0.033769954,0.033769954,0.0,0.0,0.03381517,0.0,0.033793878,0.0,0.0,0.0,0.033805713,0.033769954,0.0,0.033769954,0.0,0.0,0.033769954,0.0,0.0,0.0,0.0,0.0,0.0,0.0,0.0,0.0,0.0,0.0,0.033769954,0.0,0.033769954,0.033769954,0.0,0.033769954,0.0,0.0,0.0,0.033769954,0.0,0.033800855,0.0,0.03380618
2024-05-16,3702.TW,175114511000.0,1.16,6448111000.0,1970954000.0,1970954000.0,4515724000.0,181903706000.0,400129000.0,6486678000.0,18790568000.0,5.56,28822943000.0,8.52,15680717000.0,4.64,293598197000.0,86.8,91513103000.0,90475112000.0,26.75,27.05,44650438000.0,13.2,18354208000.0,5.43,16790568000.0,4.96,22559045000.0,6.67,1518075000.0,0.45,41343526000.0,12.22,338248635000.0,100.0,21796345000.0,15680717000.0,-6115628000.0,-12930488000.0,-2148866000.0,-11348875000.0,262091000.0,2371083000.0,2371083000.0,-1565168000.0,-91796000.0,,0.033769954,0.0,0.0,0.033769954,0.033769954,0.033810917,0.0,0.03379167,0.0,0.0,0.033769954,0.0,0.0,0.0,0.03381115,0.033781935,0.0,0.03379098,0.0,0.0,0.0,0.0,0.0,0.033769954,0.033799697,0.033810563,0.0,0.033769954,0.03381779,0.033815656,0.033769954,0.0,0.033769954,0.033769954,0.0,0.0,0.03381517,0.0,0.0,0.033769954,0.033769954,0.033769954,0.0,0.0,0.0,0.0,0.0,0.03380365,0.0,0.0,0.0,0.033769954,0.0,0.033769954,0.0,0.0,0.0,0.033769954,0.0,0.0,0.033769954,0.033769954,0.033769954,0.0,0.033808913,0.0,0.0,0.0,0.033806622,0.033769954,0.0,0.0,0.0,0.0
2024-05-16,4904.TW,17999811000.0,0.81,2907247000.0,2953074000.0,2953074000.0,-14230000.0,25746084000.0,570650000.0,2938844000.0,36057054000.0,18.73,23475326000.0,12.2,5270820000.0,2.74,29232147000.0,15.19,192479070000.0,92868911000.0,48.25,100.0,163246923000.0,84.81,50472162000.0,26.22,36057054000.0,18.73,12446913000.0,6.47,-103918000.0,-0.05,33440449000.0,17.37,192479070000.0,100.0,4392483000.0,5270820000.0,878337000.0,8051769000.0,-1319949000.0,8298485000.0,3425811000.0,3523724000.0,3523724000.0,-259908000.0,-1394110000.0,,0.0,0.033769954,0.033793498,0.033769954,0.0,0.0,0.0,0.03379167,0.0,0.033769954,0.033769954,0.03380471,0.0,0.0,0.03381115,0.033781935,0.0,0.03379098,0.0,0.0,0.033795137,0.0,0.03379256,0.033769954,0.0,0.033810563,0.0,0.0,0.03381779,0.0,0.033769954,0.033769954,0.0,0.033769954,0.0,0.033806913,0.0,0.033769954,0.033793878,0.033769954,0.0,0.0,0.0,0.0,0.0,0.0,0.0,0.0,0.0,0.033769954,0.03381049,0.0,0.0,0.033769954,0.033769954,0.0,0.0,0.033769954,0.0,0.0,0.0,0.0,0.0,0.0,0.033808913,0.0,0.0,0.033769954,0.033806622,0.0,0.0,0.0,0.0,0.0
2024-05-16,4938.TW,239816953000.0,1.22,3257428000.0,3780758000.0,3780758000.0,7406261000.0,250399656000.0,1409468000.0,11187019000.0,26639794000.0,5.13,84321528000.0,16.23,100261187000.0,19.3,377418385000.0,72.64,221224026000.0,188744388000.0,36.33,42.58,142132824000.0,27.36,50855159000.0,9.79,26639794000.0,5.13,27476418000.0,5.29,99303000.0,0.02,77683763000.0,14.95,519551209000.0,100.0,102572944000.0,111727692000.0,9154748000.0,20958867000.0,-2946059000.0,20274043000.0,3926293000.0,5190226000.0,5190226000.0,-341339000.0,-4938730000.0,,0.0,0.033769954,0.0,0.0,0.0,0.0,0.033769954,0.0,0.033769954,0.0,0.033769954,0.03380471,0.0,0.0,0.0,0.0,0.0,0.03379098,0.0,0.0,0.033795137,0.03379892,0.0,0.033769954,0.0,0.033810563,0.033769954,0.0,0.0,0.033815656,0.0,0.0,0.0,0.0,0.0,0.0,0.0,0.0,0.0,0.0,0.0,0.033769954,0.033805713,0.0,0.033769954,0.033769954,0.033799313,0.03380365,0.0,0.0,0.0,0.0,0.0,0.0,0.033769954,0.0,0.0,0.0,0.0,0.0,0.033769954,0.0,0.033769954,0.0,0.033808913,0.0,0.0,0.033769954,0.033806622,0.0,0.0,0.0,0.033790424,0.03380618
2024-05-16,4958.TW,27173381000.0,1.03,977360000.0,1436050000.0,1436050000.0,4973379000.0,32510315000.0,61627000.0,6409429000.0,9470492000.0,3.89,39573174000.0,16.27,70847235000.0,29.12,112651696000.0,46.3,243283356000.0,98159437000.0,40.35,100.0,130631660000.0,53.7,42602470000.0,17.51,9470492000.0,3.89,6518657000.0,2.68,-1551449000.0,-0.64,50924709000.0,20.93,243283356000.0,100.0,61420770000.0,70847235000.0,9426465000.0,8261835000.0,214705000.0,9096347000.0,4089869000.0,1497677000.0,1497677000.0,-492876000.0,-3648448000.0,,0.033769954,0.033769954,0.0,0.0,0.033769954,0.033810917,0.0,0.0,0.0,0.0,0.033769954,0.03380471,0.0,0.0,0.0,0.033781935,0.03380052,0.0,0.0,0.0,0.033795137,0.0,0.0,0.033769954,0.0,0.033810563,0.033769954,0.033769954,0.03381779,0.0,0.033769954,0.033769954,0.033769954,0.0,0.033813227,0.0,0.03381517,0.0,0.033793878,0.033769954,0.0,0.033769954,0.033805713,0.033769954,0.0,0.0,0.033799313,0.0,0.0,0.0,0.0,0.0,0.033796795,0.033769954,0.033769954,0.0,0.0,0.033769954,0.0,0.033769954,0.033769954,0.0,0.033769954,0.033769954,0.0,0.033769954,0.0,0.0,0.0,0.033769954,0.0,0.033800855,0.033790424,0.0
2024-05-16,5871.TW,8486862000.0,3.6,7700835000.0,6003457000.0,6003457000.0,1928126000.0,25011016000.0,2215940000.0,7931583000.0,17645724000.0,1.83,41863476000.0,4.35,38828919000.0,4.04,655759021000.0,68.16,171398889000.0,161659971000.0,16.8,17.81,306370284000.0,31.84,243552225000.0,25.31,16145724000.0,1.68,352814835000.0,36.67,-1661824000.0,-0.17,103812595000.0,10.79,962129305000.0,100.0,36993987000.0,38828919000.0,1834932000.0,5607926000.0,-3391120000.0,-7670075000.0,1983267000.0,8219397000.0,8219397000.0,-5068947000.0,-141584000.0,,0.0,0.0,0.033793498,0.0,0.033769954,0.033810917,0.0,0.0,0.0,0.033769954,0.033769954,0.03380471,0.033794545,0.0,0.0,0.033781935,0.0,0.03379098,0.0,0.033769954,0.0,0.0,0.03379256,0.033769954,0.0,0.0,0.033769954,0.0,0.0,0.033815656,0.033769954,0.0,0.0,0.033769954,0.033813227,0.0,0.03381517,0.0,0.033793878,0.0,0.0,0.033769954,0.033805713,0.0,0.033769954,0.033769954,0.033799313,0.03380365,0.033769954,0.0,0.0,0.0,0.0,0.033769954,0.033769954,0.033769954,0.033769954,0.0,0.033769954,0.0,0.033769954,0.033769954,0.0,0.0,0.033808913,0.033769954,0.0,0.0,0.0,0.0,0.0,0.0,0.033790424,0.0
2024-05-16,6505.TW,165130587000.0,0.53,3391100000.0,5024024000.0,5024024000.0,-1441558000.0,171196938000.0,1083408000.0,3582466000.0,95259597000.0,22.74,31422014000.0,7.5,39840770000.0,9.51,255407989000.0,60.98,418834624000.0,320673467000.0,76.56,100.0,163426635000.0,39.02,30440449000.0,7.27,95259597000.0,22.74,5986126000.0,1.43,23463762000.0,5.6,170528094000.0,40.71,418834624000.0,100.0,37906553000.0,39840770000.0,1934217000.0,3604340000.0,-1825873000.0,3662989000.0,2912553000.0,6107432000.0,6107432000.0,-68880000.0,-2043737000.0,,0.033769954,0.033769954,0.0,0.0,0.0,0.0,0.033769954,0.0,0.0,0.033769954,0.0,0.0,0.033794545,0.0,0.0,0.0,0.0,0.0,0.0,0.033769954,0.0,0.03379892,0.0,0.0,0.033799697,0.0,0.0,0.033769954,0.03381779,0.033815656,0.033769954,0.0,0.0,0.0,0.0,0.0,0.0,0.033769954,0.033793878,0.0,0.033769954,0.033769954,0.0,0.0,0.033769954,0.033769954,0.0,0.03380365,0.0,0.0,0.0,0.0,0.0,0.0,0.0,0.0,0.0,0.033769954,0.0,0.033769954,0.0,0.0,0.0,0.033769954,0.0,0.0,0.033769954,0.0,0.0,0.033769954,0.0,0.0,0.0,0.0
2024-05-16,8046.TW,7481039000.0,-0.24,-152420000.0,-152420000.0,-152420000.0,705480000.0,7100572000.0,-88991000.0,553060000.0,6461655000.0,9.38,18125615000.0,26.31,12873917000.0,18.68,23304498000.0,33.82,44907066000.0,44907066000.0,65.17,65.17,45599950000.0,66.18,12868786000.0,18.68,6461655000.0,9.38,175172000.0,0.25,-407094000.0,-0.59,20726890000.0,30.08,68904448000.0,100.0,12329798000.0,12873917000.0,544119000.0,731057000.0,-511929000.0,670946000.0,1596927000.0,-241411000.0,-241411000.0,-4552000.0,-792992000.0,,0.0,0.0,0.0,0.0,0.033769954,0.033810917,0.0,0.03379167,0.033769954,0.033769954,0.0,0.03380471,0.0,0.03379268,0.03381115,0.0,0.0,0.0,0.0,0.033769954,0.033795137,0.0,0.03379256,0.0,0.0,0.033810563,0.0,0.033769954,0.0,0.033815656,0.0,0.033769954,0.033769954,0.0,0.0,0.0,0.03381517,0.0,0.0,0.033769954,0.033769954,0.033769954,0.0,0.0,0.0,0.033769954,0.033799313,0.03380365,0.0,0.033769954,0.0,0.033769954,0.033796795,0.0,0.033769954,0.0,0.0,0.0,0.0,0.0,0.033769954,0.0,0.033769954,0.0,0.0,0.0,0.033769954,0.0,0.033806622,0.0,0.0,0.0,0.033790424,0.0
2024-05-16,9904.TW,47156613000.0,1.58,4652640000.0,6506840000.0,6506840000.0,8406608000.0,63288874000.0,1392154000.0,14913448000.0,29467872000.0,8.48,4419568000.0,1.27,47188556000.0,13.58,172457314000.0,49.61,215310487000.0,136609596000.0,39.3,61.94,175150237000.0,50.39,48821285000.0,14.04,29467872000.0,8.48,12204584000.0,3.51,-2997399000.0,-0.86,105719555000.0,30.41,347607551000.0,100.0,40582121000.0,47188556000.0,6606435000.0,-136217000.0,2671501000.0,1322981000.0,3051672000.0,7898994000.0,7898994000.0,-736644000.0,-973267000.0,,0.0,0.033769954,0.0,0.0,0.033769954,0.033810917,0.0,0.03379167,0.033769954,0.0,0.033769954,0.0,0.0,0.0,0.0,0.0,0.03380052,0.03379098,0.0,0.033769954,0.0,0.0,0.03379256,0.033769954,0.0,0.0,0.033769954,0.0,0.03381779,0.0,0.033769954,0.033769954,0.0,0.033769954,0.033813227,0.0,0.0,0.033769954,0.0,0.0,0.0,0.0,0.0,0.0,0.0,0.033769954,0.0,0.0,0.0,0.033769954,0.03381049,0.0,0.0,0.0,0.0,0.033769954,0.0,0.033769954,0.033769954,0.033769954,0.033769954,0.0,0.033769954,0.033769954,0.0,0.0,0.0,0.033769954,0.0,0.0,0.033801015,0.0,0.0,0.03380618
2024-05-16,9910.TW,16295265000.0,1.29,2245053000.0,1339620000.0,1339620000.0,1049054000.0,20616451000.0,485709000.0,2388674000.0,9874828000.0,19.07,53341000.0,0.1,3371591000.0,6.51,22625612000.0,43.69,51789191000.0,25404892000.0,49.05,100.0,29163579000.0,56.31,10337854000.0,19.96,9874828000.0,19.07,69386000.0,0.13,-152896000.0,-0.3,15629619000.0,30.18,51789191000.0,100.0,3858842000.0,3371591000.0,-487251000.0,543324000.0,-884987000.0,737058000.0,747683000.0,1825329000.0,1825329000.0,-70170000.0,-931790000.0,,0.0,0.033769954,0.0,0.033769954,0.0,0.033810917,0.0,0.0,0.0,0.033769954,0.0,0.0,0.033794545,0.03379268,0.0,0.033781935,0.0,0.0,0.0,0.033769954,0.033795137,0.0,0.03379256,0.033769954,0.033799697,0.0,0.0,0.033769954,0.0,0.033815656,0.0,0.033769954,0.0,0.033769954,0.0,0.0,0.03381517,0.033769954,0.033793878,0.033769954,0.033769954,0.0,0.033805713,0.0,0.0,0.0,0.0,0.03380365,0.0,0.0,0.03381049,0.033769954,0.033796795,0.0,0.033769954,0.0,0.033769954,0.033769954,0.033769954,0.033769954,0.033769954,0.0,0.033769954,0.033769954,0.0,0.033769954,0.033769954,0.033769954,0.033806622,0.033769954,0.0,0.033800855,0.033790424,0.0
2024-05-16,9921.TW,12826460000.0,1.33,1016874000.0,580985000.0,580985000.0,555577000.0,16063157000.0,241441000.0,1136562000.0,3920646000.0,4.64,4726957000.0,5.59,17596454000.0,20.8,64921174000.0,76.76,37461855000.0,34698139000.0,41.02,44.29,19658674000.0,23.24,11387656000.0,13.46,3920646000.0,4.64,1146617000.0,1.36,-1487653000.0,-1.76,27538189000.0,32.56,84579848000.0,100.0,14792315000.0,17596454000.0,2804139000.0,3253020000.0,165937000.0,3745702000.0,626289000.0,822426000.0,822426000.0,-226798000.0,-307514000.0,,0.0,0.0,0.033793498,0.033769954,0.0,0.0,0.033769954,0.03379167,0.0,0.0,0.0,0.03380471,0.0,0.03379268,0.0,0.033781935,0.0,0.03379098,0.0,0.0,0.0,0.03379892,0.03379256,0.033769954,0.0,0.0,0.0,0.0,0.03381779,0.0,0.0,0.033769954,0.0,0.0,0.0,0.0,0.03381517,0.0,0.0,0.033769954,0.033769954,0.0,0.0,0.0,0.033769954,0.033769954,0.0,0.0,0.033769954,0.033769954,0.0,0.0,0.0,0.0,0.033769954,0.033769954,0.0,0.033769954,0.0,0.033769954,0.0,0.0,0.033769954,0.0,0.0,0.033769954,0.0,0.0,0.0,0.033769954,0.033801015,0.0,0.0,0.0
2024-05-16,9941.TW,4980390000.0,2.27,1304359000.0,1328931000.0,1328931000.0,475943000.0,10396697000.0,419520000.0,1804874000.0,6482250000.0,2.17,14537031000.0,4.86,5903176000.0,1.97,258750780000.0,86.43,299386067000.0,38064457000.0,12.71,100.0,40635287000.0,13.57,6631456000.0,2.22,5482250000.0,1.83,33923417000.0,11.33,-350522000.0,-0.12,17395698000.0,5.81,299386067000.0,100.0,8647881000.0,7574148000.0,-1073733000.0,4377901000.0,-1232585000.0,-28855000.0,1908778000.0,1748451000.0,1748451000.0,-1318925000.0,-39157000.0,,0.033769954,0.033769954,0.033793498,0.0,0.0,0.0,0.0,0.03379167,0.0,0.0,0.0,0.03380471,0.0,0.03379268,0.0,0.033781935,0.0,0.03379098,0.033769954,0.0,0.033795137,0.0,0.03379256,0.0,0.033799697,0.0,0.0,0.0,0.0,0.0,0.033769954,0.0,0.0,0.0,0.033813227,0.0,0.03381517,0.033769954,0.0,0.033769954,0.0,0.0,0.0,0.033769954,0.0,0.0,0.0,0.03380365,0.0,0.0,0.03381049,0.0,0.0,0.0,0.033769954,0.0,0.0,0.033769954,0.0,0.0,0.033769954,0.0,0.033769954,0.0,0.0,0.0,0.0,0.0,0.033806622,0.033769954,0.033801015,0.0,0.033790424,0.03380618
2024-05-16,9945.TW,5213059000.0,2.46,6729243000.0,8310156000.0,8310156000.0,1747790000.0,7000524000.0,1284886000.0,10057946000.0,28442251000.0,15.11,17730227000.0,9.42,3833619000.0,2.04,41348188000.0,21.96,188283941000.0,103106564000.0,54.76,100.0,146935753000.0,78.04,43060995000.0,22.87,28442251000.0,15.11,9860535000.0,5.24,-24117083000.0,-12.81,81132618000.0,43.09,188283941000.0,100.0,3930166000.0,3833619000.0,-96547000.0,-96189000.0,-206412000.0,195040000.0,176862000.0,9595042000.0,9595042000.0,-282880000.0,-46949000.0,,0.033769954,0.0,0.0,0.033769954,0.033769954,0.033810917,0.0,0.0,0.033769954,0.0,0.033769954,0.0,0.033794545,0.0,0.03381115,0.033781935,0.03380052,0.0,0.033769954,0.033769954,0.033795137,0.0,0.0,0.0,0.033799697,0.033810563,0.0,0.0,0.0,0.0,0.033769954,0.033769954,0.0,0.033769954,0.0,0.0,0.0,0.0,0.0,0.033769954,0.033769954,0.0,0.0,0.0,0.033769954,0.0,0.033799313,0.0,0.0,0.0,0.0,0.0,0.033796795,0.0,0.033769954,0.0,0.0,0.033769954,0.0,0.033769954,0.0,0.033769954,0.0,0.033769954,0.033808913,0.0,0.033769954,0.033769954,0.0,0.033769954,0.0,0.0,0.0,0.0
