date,1229,2324,2356,2376,2382,2395,2610,2618,3037,3443,3533,8046,9941,9945
2024-05-17,48,0,0,0,0,110,177,0,0,0,63,0,0,0
2024-05-21,48,0,0,0,0,110,177,0,0,0,63,0,0,0
2024-05-22,48,0,0,0,0,110,177,0,0,0,63,0,0,0
2024-05-23,48,0,0,0,0,110,177,0,0,0,63,0,0,0
2024-05-24,48,0,0,0,0,110,177,0,0,0,63,0,0,0
2024-05-28,48,0,0,0,0,110,177,0,0,0,63,0,0,0
2024-05-29,19,0,0,0,0,109,168,0,0,0,29,0,0,0
2024-05-30,-7,0,0,0,1,0,1,0,0,0,0,1,0,0
2024-05-31,-2,0,0,0,0,0,0,0,0,0,0,0,0,3
2024-06-04,0,0,0,0,0,0,0,0,0,0,0,0,0,0
