date,stock_id,CostOfGoodsSold,EPS,EquityAttributableToOwnersOfParent_x,IncomeAfterTaxes,IncomeFromContinuingOperations,OtherComprehensiveIncome,Revenue,TAX,TotalConsolidatedProfitForThePeriod,CapitalStock,CapitalStock_per,CapitalSurplus,CapitalSurplus_per,CashAndCashEquivalents,CashAndCashEquivalents_per,CurrentAssets,CurrentAssets_per,Equity,EquityAttributableToOwnersOfParent_y,EquityAttributableToOwnersOfParent_per,Equity_per,NoncurrentAssets,NoncurrentAssets_per,NoncurrentLiabilities,NoncurrentLiabilities_per,OrdinaryShare,OrdinaryShare_per,OtherCurrentLiabilities,OtherCurrentLiabilities_per,OtherEquityInterest,OtherEquityInterest_per,RetainedEarnings,RetainedEarnings_per,TotalAssets,TotalAssets_per,CashBalancesBeginningOfPeriod,CashBalancesEndOfPeriod,CashBalancesIncrease,CashFlowsFromOperatingActivities,CashProvidedByInvestingActivities,CashReceivedThroughOperations,Depreciation,IncomeBeforeIncomeTaxFromContinuingOperations,NetIncomeBeforeTax,PayTheInterest,PropertyAndPlantAndEquipment,sharpe_ratio
2013-05-16,2409.TW,89695942000.0,-0.36,-3173479000.0,-3319641000.0,-3319641000.0,1457198000.0,94244179000.0,114251000.0,-1862443000.0,88270455000.0,16.84,112821297000.0,21.52,64975641000.0,12.4,165936463000.0,31.66,159980910000.0,145780238000.0,27.81,30.52,358261890000.0,68.34,180951842000.0,34.52,88270455000.0,16.84,67968305000.0,12.97,2553152000.0,0.49,57864666000.0,11.04,524198353000.0,100.0,76655675000.0,64975641000.0,-11680034000.0,1862903000.0,-7235409000.0,3020601000.0,16513734000.0,-3205390000.0,-3205390000.0,-1115380000.0,-7462746000.0,
2013-08-15,2409.TW,100820275000.0,0.44,3923512000.0,3981530000.0,3981530000.0,938987000.0,112334834000.0,163698000.0,4920517000.0,96242451000.0,18.44,60504027000.0,11.59,77652749000.0,14.88,175493823000.0,33.63,174590276000.0,160717772000.0,30.8,33.45,346387451000.0,66.37,172288755000.0,33.01,96242451000.0,18.44,73232957000.0,14.03,3356953000.0,0.64,614341000.0,0.12,521881274000.0,100.0,76655675000.0,77652749000.0,997074000.0,17491801000.0,-11844425000.0,19833695000.0,32427868000.0,939838000.0,939838000.0,-2180849000.0,-13512448000.0,-0.13504762977711457
2013-11-15,2409.TW,96815191000.0,0.27,2489866000.0,2509868000.0,2509868000.0,-567165000.0,107080772000.0,240489000.0,1942703000.0,96242451000.0,19.08,60473876000.0,11.99,69974592000.0,13.87,170050184000.0,33.72,176478377000.0,162703036000.0,32.26,34.99,334321682000.0,66.28,152022834000.0,30.14,96242451000.0,19.08,77460401000.0,15.36,2882367000.0,0.57,3104342000.0,0.62,504371866000.0,100.0,76655675000.0,69974592000.0,-6681083000.0,30278433000.0,-18958516000.0,33523025000.0,47698558000.0,3690195000.0,3690195000.0,-3295490000.0,-20106024000.0,-0.16060191195774898
2014-04-01,2409.TW,95047530000.0,0.1,940477000.0,1081341000.0,1081341000.0,780957000.0,102703220000.0,464492000.0,1862298000.0,96242451000.0,19.55,60503012000.0,12.29,76312272000.0,15.5,169604057000.0,34.46,178345869000.0,164309349000.0,33.38,36.23,322638794000.0,65.54,132934558000.0,27.01,96242451000.0,19.55,84223917000.0,17.11,3546391000.0,0.72,4017495000.0,0.82,492242851000.0,100.0,76655675000.0,76312272000.0,-343403000.0,49642444000.0,-23223792000.0,53889797000.0,62763514000.0,5236028000.0,5236028000.0,-4148281000.0,-25457759000.0,0.1399896780238859
2014-05-16,2409.TW,86907265000.0,0.03,259456000.0,165971000.0,165971000.0,-65154000.0,93801648000.0,133386000.0,100817000.0,96242451000.0,20.28,60718885000.0,12.8,73077313000.0,15.4,162127582000.0,34.17,179013380000.0,164779788000.0,34.73,37.72,312397868000.0,65.83,140434321000.0,29.59,96242451000.0,20.28,68732076000.0,14.48,3538696000.0,0.75,4279756000.0,0.9,474525450000.0,100.0,76312272000.0,73077313000.0,-3234959000.0,10448970000.0,-5008454000.0,11443477000.0,14859815000.0,299357000.0,299357000.0,-844148000.0,-5594213000.0,0.03644465364920547
2014-08-15,2409.TW,91426027000.0,0.42,4032540000.0,4023711000.0,4023711000.0,-912333000.0,102042059000.0,156032000.0,3111378000.0,96242451000.0,20.52,59452213000.0,12.68,76535803000.0,16.32,168098083000.0,35.85,180457598000.0,166674407000.0,35.55,38.48,300810667000.0,64.15,132913376000.0,28.35,96242451000.0,20.52,70627537000.0,15.06,2763461000.0,0.59,8216282000.0,1.75,468908750000.0,100.0,76312272000.0,76535803000.0,223531000.0,25864838000.0,-8798366000.0,27952618000.0,29105766000.0,4479100000.0,4479100000.0,-1641339000.0,-10545332000.0,0.18663671283808794
2014-11-15,2409.TW,91507005000.0,0.76,7332210000.0,7300102000.0,7300102000.0,1000859000.0,106886497000.0,268060000.0,8300961000.0,96242451000.0,20.9,59459184000.0,12.91,75413600000.0,16.38,172308441000.0,37.43,188765762000.0,174795050000.0,37.97,41.0,288082995000.0,62.57,115458322000.0,25.08,96242451000.0,20.9,67216498000.0,14.6,3544902000.0,0.77,15548513000.0,3.38,460391436000.0,100.0,76312272000.0,75413600000.0,-898672000.0,45520227000.0,-11566578000.0,48081557000.0,42759050000.0,12047262000.0,12047262000.0,-2419906000.0,-13919432000.0,0.02346943068890778
2015-04-01,2409.TW,89827808000.0,0.62,6004262000.0,6574925000.0,6574925000.0,1854217000.0,105448546000.0,1358272000.0,8429142000.0,96242451000.0,20.48,59258041000.0,12.61,81965333000.0,17.44,185614534000.0,39.5,200369924000.0,180975039000.0,38.52,42.64,284245151000.0,60.5,97049300000.0,20.65,96242451000.0,20.48,82826165000.0,17.63,4945716000.0,1.05,20528831000.0,4.37,469859685000.0,100.0,76312272000.0,81965333000.0,5653061000.0,63392732000.0,-13106837000.0,66700641000.0,56064469000.0,19980459000.0,19980459000.0,-3145859000.0,-16970961000.0,0.06378239924935593
2015-05-16,2409.TW,80954204000.0,0.54,5155660000.0,5272116000.0,5272116000.0,-853797000.0,95301935000.0,501717000.0,4418319000.0,96242451000.0,21.16,59501065000.0,13.08,78324641000.0,17.22,180277767000.0,39.64,204844927000.0,185677477000.0,40.83,45.04,274483255000.0,60.36,88799333000.0,19.53,96242451000.0,21.16,76957446000.0,16.92,4259084000.0,0.94,25674877000.0,5.65,454761022000.0,100.0,81965333000.0,78324641000.0,-3640692000.0,12456849000.0,-5055176000.0,13372551000.0,13178547000.0,5773833000.0,5773833000.0,-769952000.0,-5218015000.0,-0.04857147292420512
2015-08-15,2409.TW,80450770000.0,0.46,4494939000.0,4430574000.0,4430574000.0,-1127786000.0,92303480000.0,1515996000.0,3302788000.0,96242451000.0,21.13,60115260000.0,13.2,89753829000.0,19.7,190801856000.0,41.88,203059725000.0,185034143000.0,40.62,44.57,264746934000.0,58.12,86681475000.0,19.03,96242451000.0,21.13,84854885000.0,18.63,3324013000.0,0.73,25352419000.0,5.57,455548790000.0,100.0,81965333000.0,89753829000.0,7788496000.0,28656192000.0,-9088481000.0,30280112000.0,25295568000.0,11720403000.0,11720403000.0,-1345367000.0,-10178280000.0,-0.23956291433203136
2015-11-15,2409.TW,80150931000.0,0.36,3463006000.0,3379426000.0,3379426000.0,2565998000.0,89298990000.0,529263000.0,5945424000.0,96242451000.0,21.38,60097799000.0,13.35,76915236000.0,17.09,180837553000.0,40.17,214106501000.0,190880526000.0,42.4,47.56,269330637000.0,59.83,80064289000.0,17.79,96242451000.0,21.38,73419043000.0,16.31,5724840000.0,1.27,28815436000.0,6.4,450168190000.0,100.0,81965333000.0,76915236000.0,-5050097000.0,36685394000.0,-18695851000.0,38552188000.0,36546730000.0,15629092000.0,15629092000.0,-1926130000.0,-19504027000.0,-0.04065091072654921
2016-04-01,2409.TW,78953534000.0,-0.85,-8181645000.0,-8239234000.0,-8239234000.0,-1352640000.0,83442089000.0,208992000.0,-9591874000.0,96242451000.0,22.62,60249983000.0,14.16,78880700000.0,18.54,161992140000.0,38.07,204636405000.0,181985222000.0,42.76,48.09,263562105000.0,61.93,79568451000.0,18.7,96242451000.0,22.62,62662820000.0,14.72,5085511000.0,1.2,20407277000.0,4.8,425554245000.0,100.0,81965333000.0,78880700000.0,-3084633000.0,62003388000.0,-31734659000.0,64495006000.0,46851487000.0,7598850000.0,7598850000.0,-2474887000.0,-33440160000.0,0.05234368579350283
2016-05-16,2409.TW,70745712000.0,-0.57,-5477326000.0,-5580424000.0,-5580424000.0,-1553960000.0,71135232000.0,295396000.0,-7134384000.0,96242451000.0,23.62,60336171000.0,14.81,73655703000.0,18.08,143299028000.0,35.17,197357530000.0,175471868000.0,43.06,48.43,264189027000.0,64.83,79939527000.0,19.62,96242451000.0,23.62,57430501000.0,14.09,3963269000.0,0.97,14929977000.0,3.66,407488055000.0,100.0,78880700000.0,73655703000.0,-5224997000.0,7229915000.0,-10637684000.0,7702144000.0,9663583000.0,-5285028000.0,-5285028000.0,-498518000.0,-10384760000.0,-0.15455226996030524
2016-08-15,2409.TW,74526564000.0,-0.06,-572407000.0,-803574000.0,-803574000.0,-1489315000.0,80090903000.0,563416000.0,-2292889000.0,96242451000.0,23.06,60428105000.0,14.48,72954216000.0,17.48,145422624000.0,34.84,191309665000.0,170773205000.0,40.92,45.84,271962441000.0,65.16,103683405000.0,24.84,96242451000.0,23.06,45904466000.0,11.0,3114284000.0,0.75,10988365000.0,2.63,417385065000.0,100.0,78880700000.0,72954216000.0,-5926484000.0,14823755000.0,-26449506000.0,16736995000.0,19277891000.0,-5525186000.0,-5525186000.0,-989190000.0,-26355114000.0,0.33662011072114023
2016-11-15,2409.TW,74709360000.0,0.51,4898015000.0,4615612000.0,4615612000.0,-2250832000.0,86017319000.0,804072000.0,2364780000.0,96242451000.0,22.93,59975957000.0,14.29,74053448000.0,17.65,151937857000.0,36.21,192309270000.0,173100298000.0,41.25,45.83,267711907000.0,63.79,108561906000.0,25.87,96242451000.0,22.93,43696151000.0,10.41,1422806000.0,0.34,15459084000.0,3.68,419649764000.0,100.0,78880700000.0,74053448000.0,-4827252000.0,18785862000.0,-34089495000.0,21017357000.0,28673520000.0,-105502000.0,-105502000.0,-1549127000.0,-37882734000.0,-0.037176735859046635
2017-04-01,2409.TW,74616381000.0,0.93,8970656000.0,8375097000.0,8375097000.0,-1065537000.0,91845582000.0,2916307000.0,7309560000.0,96242451000.0,22.39,59979723000.0,13.96,80191248000.0,18.66,163346242000.0,38.01,199635182000.0,181244699000.0,42.17,46.45,266423009000.0,61.99,112867894000.0,26.26,96242451000.0,22.39,40460115000.0,9.41,779372000.0,0.18,24243153000.0,5.64,429769251000.0,100.0,78880700000.0,80191248000.0,1310548000.0,36695846000.0,-42267327000.0,41581743000.0,38533775000.0,11185902000.0,11185902000.0,-2105285000.0,-46220129000.0,0.03825105532960633
2017-05-16,2409.TW,71124067000.0,0.98,9479193000.0,9434633000.0,9434633000.0,-3453932000.0,88556816000.0,2515109000.0,5980701000.0,96242451000.0,22.63,60015004000.0,14.11,85483584000.0,20.1,165768633000.0,38.98,205650304000.0,188195046000.0,44.25,48.35,259536437000.0,61.02,110469202000.0,25.97,96242451000.0,22.63,38837447000.0,9.13,1783798000.0,0.42,33721389000.0,7.93,425305070000.0,100.0,80191248000.0,85483584000.0,5292336000.0,17285374000.0,-9540039000.0,18182771000.0,9840230000.0,11949742000.0,11949742000.0,-700560000.0,-9952738000.0,-0.030371763022153938
2017-08-15,2409.TW,67291581000.0,1.03,9829784000.0,8946489000.0,8946489000.0,2022888000.0,84412400000.0,2697570000.0,10969377000.0,96242451000.0,21.82,60022161000.0,13.61,102800518000.0,23.3,181170121000.0,41.07,211145172000.0,194407368000.0,44.07,47.86,259973019000.0,58.93,111746318000.0,25.33,96242451000.0,21.82,47003276000.0,10.65,17708000.0,0.0,38160464000.0,8.65,441143140000.0,100.0,80191248000.0,102800518000.0,22609270000.0,41912354000.0,-18290209000.0,43503999000.0,18673261000.0,23593801000.0,23593801000.0,-1277956000.0,-18216313000.0,0.054575527258428555
2017-11-15,2409.TW,72082935000.0,0.92,8855749000.0,8223807000.0,8223807000.0,945709000.0,87395435000.0,2282846000.0,9169516000.0,96242451000.0,21.42,60023850000.0,13.36,107655802000.0,23.96,188918088000.0,42.05,220316533000.0,203876784000.0,45.38,49.04,260320978000.0,57.95,108274925000.0,24.1,96242451000.0,21.42,42252510000.0,9.41,594263000.0,0.13,47016220000.0,10.47,449239066000.0,100.0,80191248000.0,107655802000.0,27464554000.0,61666057000.0,-25874553000.0,63569843000.0,27243163000.0,34100454000.0,34100454000.0,-1879493000.0,-26288568000.0,0.04106573481316101
2018-04-01,2409.TW,69487939000.0,0.43,4194691000.0,3653559000.0,3653559000.0,-474848000.0,80663616000.0,1609593000.0,3178711000.0,96242451000.0,21.8,60540326000.0,13.71,105020616000.0,23.79,180175541000.0,40.81,225245115000.0,208154368000.0,47.15,51.02,261275743000.0,59.19,108969560000.0,24.68,96242451000.0,21.8,34523966000.0,7.82,256062000.0,0.06,51115529000.0,11.58,441451284000.0,100.0,80191248000.0,105020616000.0,24829368000.0,84363331000.0,-43667479000.0,86878661000.0,35801230000.0,39363606000.0,39363606000.0,-2551944000.0,-43881660000.0,0.08315310926406624
2018-05-16,2409.TW,66303344000.0,0.45,4309483000.0,4027451000.0,4027451000.0,1012361000.0,74444548000.0,116733000.0,5039812000.0,96242451000.0,22.1,60539490000.0,13.9,97123061000.0,22.3,171203130000.0,39.31,230271281000.0,213216937000.0,48.96,52.87,264305319000.0,60.69,100434459000.0,23.06,96242451000.0,22.1,37190328000.0,8.54,896754000.0,0.21,55538242000.0,12.75,435508449000.0,100.0,105020616000.0,97123061000.0,-7897555000.0,8463268000.0,-10324850000.0,8993406000.0,8319839000.0,4144184000.0,4144184000.0,-576374000.0,-10561965000.0,-0.13972668378579808
2018-08-15,2409.TW,67780381000.0,0.13,1252134000.0,39713000.0,39713000.0,-832249000.0,75053957000.0,2204719000.0,-792536000.0,96242451000.0,22.5,61100843000.0,14.28,82324245000.0,19.24,160949551000.0,37.62,215454374000.0,199882760000.0,46.72,50.36,266840544000.0,62.38,72507880000.0,16.95,96242451000.0,22.5,67438906000.0,15.76,241600000.0,0.06,42297866000.0,9.89,427790095000.0,100.0,105020616000.0,82324245000.0,-22696371000.0,18028069000.0,-21309913000.0,19233249000.0,16249960000.0,6388616000.0,6388616000.0,-1189545000.0,-18912148000.0,0.16622286251361656
2018-11-15,2409.TW,72401533000.0,0.45,4318152000.0,4319054000.0,4319054000.0,-1970779000.0,81042525000.0,858361000.0,2348275000.0,96242451000.0,23.37,60599752000.0,14.71,63059900000.0,15.31,147676447000.0,35.85,217275048000.0,202264252000.0,49.11,52.75,264223790000.0,64.15,69707824000.0,16.92,96242451000.0,23.37,47427017000.0,11.51,1187503000.0,0.29,46609552000.0,11.32,411900237000.0,100.0,105020616000.0,63059900000.0,-41960716000.0,27462315000.0,-29520765000.0,28738162000.0,24846008000.0,11566031000.0,11566031000.0,-1837374000.0,-26474651000.0,-0.005075702161045095
2019-04-01,2409.TW,73009627000.0,0.03,280829000.0,-426323000.0,-426323000.0,406892000.0,77093359000.0,76443000.0,-19431000.0,96242451000.0,23.48,60622043000.0,14.79,69163296000.0,16.88,149067627000.0,36.37,217278688000.0,202862715000.0,49.5,53.02,260764148000.0,63.63,63615116000.0,15.52,96242451000.0,23.48,53887463000.0,13.15,847770000.0,0.21,46845991000.0,11.43,409831775000.0,100.0,105020616000.0,69163296000.0,-35857320000.0,40200694000.0,-34497826000.0,42200835000.0,33686561000.0,11216151000.0,11216151000.0,-2481821000.0,-34770263000.0,-0.07685555090853655
2019-05-16,2409.TW,66461472000.0,-0.38,-3687736000.0,-4892704000.0,-4892704000.0,1063791000.0,66704984000.0,-9724000.0,-3828913000.0,96242451000.0,23.16,60461816000.0,14.55,68620058000.0,16.52,144684776000.0,34.82,213106154000.0,199817875000.0,48.09,51.29,270789029000.0,65.18,91094464000.0,21.93,96242451000.0,23.16,42337599000.0,10.19,45121000.0,0.01,43158729000.0,10.39,415473805000.0,100.0,69163296000.0,68620058000.0,-543238000.0,-305928000.0,-8222773000.0,386129000.0,9033148000.0,-4902428000.0,-4902428000.0,-690137000.0,-8254793000.0,-0.3343775094689353
2019-08-15,2409.TW,68082278000.0,-0.28,-2682410000.0,-2828229000.0,-2828229000.0,-325568000.0,70065194000.0,544605000.0,-3153797000.0,96242451000.0,22.82,60474756000.0,14.34,80095714000.0,18.99,154584336000.0,36.65,205017634000.0,192164348000.0,45.56,48.61,267208102000.0,63.35,117437275000.0,27.84,96242451000.0,22.82,33084380000.0,7.84,216534000.0,0.05,35663675000.0,8.46,421792438000.0,100.0,69163296000.0,80095714000.0,10932418000.0,6918856000.0,-16356502000.0,9876967000.0,17982555000.0,-7186052000.0,-7186052000.0,-1895548000.0,-16124898000.0,-0.2658082915660263
2019-11-15,2409.TW,70325459000.0,-0.42,-3987092000.0,-4736953000.0,-4736953000.0,-1503364000.0,70053307000.0,20366000.0,-6240317000.0,96242451000.0,23.63,60463117000.0,14.85,71149438000.0,17.47,145024571000.0,35.61,198531259000.0,186850067000.0,45.88,48.74,262266196000.0,64.39,115796021000.0,28.43,96242451000.0,23.63,26828219000.0,6.59,1297240000.0,0.32,31676501000.0,7.78,407290767000.0,100.0,69163296000.0,71149438000.0,1986142000.0,10859572000.0,-23098387000.0,14208235000.0,26811535000.0,-11902639000.0,-11902639000.0,-2661428000.0,-23553959000.0,0.08189479602420588
2020-04-01,2409.TW,63466542000.0,-0.92,-8828020000.0,-9141530000.0,-9141530000.0,-646630000.0,61968209000.0,1199415000.0,-9788160000.0,96242451000.0,24.2,60544474000.0,15.23,80449772000.0,20.23,143200211000.0,36.01,187976749000.0,176671840000.0,44.43,47.27,254437380000.0,63.99,119132753000.0,29.96,96242451000.0,24.2,28253363000.0,7.11,2005384000.0,0.5,22903722000.0,5.76,397637591000.0,100.0,69163296000.0,80449772000.0,11286476000.0,20730639000.0,-28112356000.0,24663122000.0,35693033000.0,-19844754000.0,-19844754000.0,-3417833000.0,-29546642000.0,-0.05764220477594757
2020-05-16,2409.TW,54044792000.0,-0.53,-4991493000.0,-5778097000.0,-5778097000.0,-2694866000.0,53690183000.0,123871000.0,-8472963000.0,96242451000.0,24.79,60560788000.0,15.6,76788669000.0,19.78,139517608000.0,35.94,179520100000.0,169108525000.0,43.56,46.24,248724027000.0,64.06,125448576000.0,32.31,96242451000.0,24.79,27110444000.0,6.98,4593579000.0,1.18,17912288000.0,4.61,388241635000.0,100.0,80449772000.0,76788669000.0,-3661103000.0,-3727059000.0,-7628483000.0,-2811375000.0,8978655000.0,-5654226000.0,-5654226000.0,-755187000.0,-5275721000.0,0.1261342666576315
2020-08-15,2409.TW,61785026000.0,-0.31,-2961029000.0,-3202471000.0,-3202471000.0,-20924000.0,63500181000.0,206467000.0,-3223395000.0,96242451000.0,24.97,60568217000.0,15.71,72155424000.0,18.72,142558602000.0,36.99,176304133000.0,166283909000.0,43.14,45.74,242858515000.0,63.01,120834967000.0,31.35,96242451000.0,24.97,32199508000.0,8.35,4464574000.0,1.16,14951238000.0,3.88,385417117000.0,100.0,80449772000.0,72155424000.0,-8294348000.0,-3174775000.0,-10934612000.0,-1514974000.0,17776578000.0,-8650230000.0,-8650230000.0,-1478225000.0,-9036777000.0,0.18467053947067968
2020-11-15,2409.TW,65472861000.0,0.31,2893732000.0,3010324000.0,3010324000.0,912121000.0,73229997000.0,68577000.0,3922445000.0,96242451000.0,24.42,60576820000.0,15.37,78300196000.0,19.87,155845767000.0,39.55,180235181000.0,169931962000.0,43.13,45.74,238197741000.0,60.45,121927542000.0,30.94,96242451000.0,24.42,32859425000.0,8.34,3718704000.0,0.94,17844818000.0,4.53,394043508000.0,100.0,80449772000.0,78300196000.0,-2149576000.0,6979119000.0,-13813409000.0,8807211000.0,26461698000.0,-5571329000.0,-5571329000.0,-2165881000.0,-12276103000.0,0.04740587941678071
2021-04-01,2409.TW,66887363000.0,0.89,8435114000.0,8877671000.0,8877671000.0,4666649000.0,80535020000.0,-518671000.0,13544320000.0,96242451000.0,23.63,60587684000.0,14.88,90274687000.0,22.17,168317673000.0,41.33,193790365000.0,182804691000.0,44.89,47.58,238952622000.0,58.67,115141751000.0,28.27,96242451000.0,23.63,36803903000.0,9.04,3270303000.0,0.8,30258282000.0,7.43,407270295000.0,100.0,80449772000.0,90274687000.0,9824915000.0,25746958000.0,-17708146000.0,28353998000.0,35130348000.0,2787671000.0,2787671000.0,-2829307000.0,-15600564000.0,0.24952796759008886
2021-05-16,2409.TW,64677786000.0,1.25,11815124000.0,11841515000.0,11841515000.0,-98520000.0,82940619000.0,789283000.0,11742995000.0,96242451000.0,22.38,60303118000.0,14.03,103783772000.0,24.14,191275548000.0,44.49,202915708000.0,191115034000.0,44.45,47.2,238673727000.0,55.51,118195618000.0,27.49,96242451000.0,22.38,46344805000.0,10.78,3273719000.0,0.76,38824348000.0,9.03,429949275000.0,100.0,90274687000.0,103783772000.0,13509085000.0,20994397000.0,-4932902000.0,21685700000.0,8534645000.0,12630798000.0,12630798000.0,-634920000.0,-3300496000.0,0.05207444189459966
2021-08-15,2409.TW,68166356000.0,2.05,18565680000.0,19862456000.0,19862456000.0,-1054139000.0,95655500000.0,965813000.0,18808317000.0,96242451000.0,21.69,60387991000.0,13.61,99551438000.0,22.44,209713770000.0,47.27,221842694000.0,209765587000.0,47.28,50.0,233954546000.0,52.73,109698786000.0,24.73,96242451000.0,21.69,47731712000.0,10.76,4244665000.0,0.96,58360974000.0,13.15,443668316000.0,100.0,90274687000.0,99551438000.0,9276751000.0,42265597000.0,-18072060000.0,43613363000.0,16954435000.0,33459067000.0,33459067000.0,-1235986000.0,-6531131000.0,0.03180024414674743
2021-11-15,2409.TW,71641561000.0,2.03,18658363000.0,19963883000.0,19963883000.0,-623776000.0,99054986000.0,926890000.0,19340107000.0,96242451000.0,22.12,61195362000.0,14.07,87922001000.0,20.21,203946470000.0,46.87,242282810000.0,229773257000.0,52.81,55.69,231141370000.0,53.13,69675671000.0,16.01,96242451000.0,22.12,53109309000.0,12.21,4918229000.0,1.13,77692901000.0,17.86,435087840000.0,100.0,90274687000.0,87922001000.0,-2352686000.0,73323180000.0,-23585644000.0,74545643000.0,25294200000.0,54349840000.0,54349840000.0,-1768465000.0,-11631537000.0,0.02542270873966351
2022-04-01,2409.TW,75431681000.0,1.11,10655334000.0,11791244000.0,11791244000.0,1013413000.0,93034036000.0,265711000.0,12804657000.0,96242451000.0,22.66,60057001000.0,14.14,79944686000.0,18.82,192026398000.0,45.2,424811046000.0,231787040000.0,54.56,100.0,232784648000.0,54.8,63090073000.0,14.85,96242451000.0,22.66,51703036000.0,12.17,-4743182000.0,-1.12,80669998000.0,18.99,424811046000.0,100.0,90274687000.0,79944686000.0,-10330001000.0,104721236000.0,-30350308000.0,106291970000.0,33457081000.0,66406795000.0,66406795000.0,-2143663000.0,-17033027000.0,-0.0007261247193530763
2022-05-16,2409.TW,69833645000.0,0.54,5164376000.0,5174629000.0,5174629000.0,1965756000.0,81527862000.0,839963000.0,7140385000.0,96242451000.0,22.26,60558041000.0,14.01,90131838000.0,20.85,197797159000.0,45.76,236105867000.0,229820936000.0,53.17,54.62,234469361000.0,54.24,69467636000.0,16.07,96242451000.0,22.26,54369044000.0,12.58,-2853054000.0,-0.66,76265867000.0,17.64,432266520000.0,100.0,79944686000.0,90131838000.0,10187152000.0,13722781000.0,-8531821000.0,15426111000.0,7953967000.0,6014592000.0,6014592000.0,-550858000.0,-8386510000.0,-0.21151183821805586
2022-08-15,2409.TW,61159684000.0,-0.59,-6676789000.0,-5697216000.0,-5697216000.0,-1100209000.0,62884442000.0,2053814000.0,-6797425000.0,96242451000.0,23.57,60563956000.0,14.83,84942092000.0,20.8,172717490000.0,42.29,229256972000.0,223150062000.0,54.64,56.13,235687986000.0,57.71,69204807000.0,16.95,96242451000.0,23.57,47418794000.0,11.61,-3913402000.0,-0.96,70649426000.0,17.3,408405476000.0,100.0,79944686000.0,84942092000.0,4997406000.0,23017881000.0,-17751007000.0,25592704000.0,15803090000.0,2371190000.0,2371190000.0,-806178000.0,-16439291000.0,-0.01824215943075212
2022-11-15,2409.TW,56996483000.0,-1.13,-10425620000.0,-10489762000.0,-10489762000.0,1776940000.0,49732341000.0,-911660000.0,-8712822000.0,76993961000.0,19.88,61899611000.0,15.98,80613403000.0,20.82,138773721000.0,35.83,387265539000.0,196538210000.0,50.75,100.0,248491818000.0,64.17,81745717000.0,21.11,76993961000.0,19.88,33739200000.0,8.71,-2189532000.0,-0.57,60226540000.0,15.55,387265539000.0,100.0,79944686000.0,80613403000.0,668717000.0,18025108000.0,-24343793000.0,18990270000.0,23591671000.0,-9030232000.0,-9030232000.0,-1078071000.0,-27966482000.0,0.04953732870609159
2023-04-01,2409.TW,57235354000.0,-1.21,-10207671000.0,-9960831000.0,-9960831000.0,-1440217000.0,52648029000.0,-515129000.0,-11401048000.0,76993961000.0,19.9,61942210000.0,16.01,80613120000.0,20.84,140176807000.0,36.24,386840674000.0,185099091000.0,47.85,100.0,246663867000.0,63.76,98261865000.0,25.4,76993961000.0,19.9,38697132000.0,10.0,-3620305000.0,-0.94,50078752000.0,12.95,386840674000.0,100.0,79944686000.0,80613120000.0,668434000.0,26970958000.0,-31912960000.0,28241158000.0,31281587000.0,-19506192000.0,-19506192000.0,-1522704000.0,-35950205000.0,0.01928446864207514
2023-05-16,2409.TW,56045054000.0,-1.42,-10910620000.0,-11087255000.0,-11087255000.0,660570000.0,51188309000.0,-205899000.0,-10426685000.0,76993961000.0,20.05,55865525000.0,14.55,77099573000.0,20.07,134494266000.0,35.02,174979385000.0,168807722000.0,43.95,45.56,249580414000.0,64.98,115461985000.0,30.06,76993961000.0,20.05,41184027000.0,10.72,-2984346000.0,-0.78,39173006000.0,10.2,384074680000.0,100.0,80613120000.0,77099573000.0,-3513547000.0,-10095340000.0,-9388409000.0,-9487890000.0,7637272000.0,-11293154000.0,-11293154000.0,-503385000.0,-11655205000.0,-0.21552458765888297
2023-08-15,2409.TW,61328555000.0,-0.63,-4807335000.0,-4733591000.0,-4733591000.0,-1458748000.0,63320505000.0,469335000.0,-6192339000.0,76993961000.0,19.38,55874107000.0,14.06,90530945000.0,22.79,150705902000.0,37.93,168669348000.0,162668371000.0,40.94,42.45,246587277000.0,62.07,123517366000.0,31.09,76993961000.0,19.38,44372194000.0,11.17,-4357334000.0,-1.1,34398061000.0,8.66,397293179000.0,100.0,80613120000.0,90530945000.0,9917825000.0,-2158437000.0,-14820026000.0,-889458000.0,15582655000.0,-15557410000.0,-15557410000.0,-1226046000.0,-17516835000.0,0.08340232594959854
2023-11-15,2409.TW,64768231000.0,-0.13,1103522000.0,-923027000.0,-923027000.0,2173052000.0,70109826000.0,158511000.0,1250025000.0,76993961000.0,19.79,54979857000.0,14.13,78515683000.0,20.18,146242804000.0,37.6,388981457000.0,162877643000.0,41.87,100.0,242738653000.0,62.4,120325438000.0,30.93,76993961000.0,19.79,35705625000.0,9.18,-2269985000.0,-0.58,33414234000.0,8.59,388981457000.0,100.0,80613120000.0,78515683000.0,-2097437000.0,3509523000.0,-19912510000.0,3865346000.0,23914647000.0,-16321926000.0,-16321926000.0,-1933888000.0,-22461395000.0,-0.15127247511799452
2024-04-01,2409.TW,61212229000.0,-0.19,-3729408000.0,-1407281000.0,-1407281000.0,-2285705000.0,63345797000.0,-3952853000.0,-3692986000.0,76993961000.0,20.08,54998829000.0,14.34,83969463000.0,21.9,144210713000.0,37.61,383470737000.0,159167207000.0,41.51,100.0,239260024000.0,62.39,123538234000.0,32.22,76993961000.0,20.08,35353327000.0,9.22,-4484899000.0,-1.17,31899740000.0,8.32,383470737000.0,100.0,80613120000.0,83969463000.0,3356343000.0,9993563000.0,-24054384000.0,10810789000.0,32379064000.0,-21682060000.0,-21682060000.0,-2632179000.0,-26786572000.0,0.07056164628483667
2024-05-16,2409.TW,57515689000.0,-0.46,-2105331000.0,-3574380000.0,-3574380000.0,1492394000.0,59477331000.0,259511000.0,-2081986000.0,76993961000.0,20.12,48386317000.0,12.64,87673837000.0,22.91,146946621000.0,38.4,156663038000.0,150449364000.0,39.32,40.94,235718990000.0,61.6,131776065000.0,34.44,76993961000.0,20.12,37324209000.0,9.75,-2825092000.0,-0.74,28134602000.0,7.35,382665611000.0,100.0,83969463000.0,87673837000.0,3704374000.0,1552675000.0,-5126268000.0,2409000000.0,8368686000.0,-3314869000.0,-3314869000.0,-739207000.0,-8250473000.0,0.004481441196758963
